#include "front_desc.h"
#include "front.h"
//字符数组
const uint8_t front_data_20[]={
0x00,0x00,0x00,0x00,0x00,0x00,0x00,0x00,0x00,0x00,0x00,0x00,0x00,0x00,0x00,0x00,
0x00,0x00,0x00,0x00,0x00,0x00,0x00,0x00,0x00,0x00,0x00,0x00,0x00,0x00,0x00,0x00,
0x00,0x00,0x00,0x00,0x00,0x00,0x00,0x00,/*" ",0*/
/* (10 X 20 , Maple Mono NF CN )*/

0x00,0x00,0x00,0x00,0x00,0x00,0x00,0x00,0x0C,0x00,0x0C,0x00,0x0C,0x00,0x0C,0x00,
0x0C,0x00,0x0C,0x00,0x0C,0x00,0x00,0x00,0x00,0x00,0x0C,0x00,0x0C,0x00,0x00,0x00,
0x00,0x00,0x00,0x00,0x00,0x00,0x00,0x00,/*"!",1*/
/* (10 X 20 , Maple Mono NF CN )*/

0x00,0x00,0x00,0x00,0x00,0x00,0x00,0x00,0x12,0x00,0x12,0x00,0x12,0x00,0x12,0x00,
0x00,0x00,0x00,0x00,0x00,0x00,0x00,0x00,0x00,0x00,0x00,0x00,0x00,0x00,0x00,0x00,
0x00,0x00,0x00,0x00,0x00,0x00,0x00,0x00,/*""",2*/
/* (10 X 20 , Maple Mono NF CN )*/

0x00,0x00,0x00,0x00,0x00,0x00,0x00,0x00,0x11,0x00,0x13,0x00,0x13,0x00,0xFF,0xC0,
0x13,0x00,0x33,0x00,0x32,0x00,0x7F,0x80,0xB2,0x40,0x32,0x00,0x22,0x00,0x00,0x00,
0x00,0x00,0x00,0x00,0x00,0x00,0x00,0x00,/*"#",3*/
/* (10 X 20 , Maple Mono NF CN )*/

0x00,0x00,0x00,0x00,0x08,0x00,0x0C,0x00,0x2D,0x00,0x6D,0x80,0x6D,0x80,0x6C,0x00,
0x38,0x00,0x1F,0x00,0x01,0x80,0x0D,0x80,0x4C,0x80,0x6D,0x80,0x2D,0x00,0x0C,0x00,
0x0C,0x00,0x00,0x00,0x00,0x00,0x00,0x00,/*"$",4*/
/* (10 X 20 , Maple Mono NF CN )*/

0x00,0x00,0x00,0x00,0x00,0x00,0x00,0x00,0x78,0x00,0x48,0xC0,0x49,0x80,0xCB,0x00,
0x7A,0x00,0x00,0x00,0x17,0x80,0x34,0x80,0x64,0xC0,0x44,0x80,0x87,0x80,0x00,0x00,
0x00,0x00,0x00,0x00,0x00,0x00,0x00,0x00,/*"%",5*/
/* (10 X 20 , Maple Mono NF CN )*/

0x00,0x00,0x00,0x00,0x00,0x00,0x00,0x00,0x3C,0x00,0x36,0x00,0x62,0x00,0x30,0x00,
0x10,0x00,0x58,0x80,0x6C,0x80,0x67,0x80,0x61,0x80,0x67,0x80,0x3E,0xC0,0x00,0x00,
0x00,0x00,0x00,0x00,0x00,0x00,0x00,0x00,/*"&",6*/
/* (10 X 20 , Maple Mono NF CN )*/

0x00,0x00,0x00,0x00,0x00,0x00,0x00,0x00,0x0C,0x00,0x0C,0x00,0x0C,0x00,0x0C,0x00,
0x00,0x00,0x00,0x00,0x00,0x00,0x00,0x00,0x00,0x00,0x00,0x00,0x00,0x00,0x00,0x00,
0x00,0x00,0x00,0x00,0x00,0x00,0x00,0x00,/*"'",7*/
/* (10 X 20 , Maple Mono NF CN )*/

0x00,0x00,0x00,0x00,0x02,0x00,0x07,0x00,0x0C,0x00,0x18,0x00,0x18,0x00,0x10,0x00,
0x30,0x00,0x30,0x00,0x30,0x00,0x30,0x00,0x10,0x00,0x18,0x00,0x0C,0x00,0x0C,0x00,
0x07,0x00,0x02,0x00,0x00,0x00,0x00,0x00,/*"(",8*/
/* (10 X 20 , Maple Mono NF CN )*/

0x00,0x00,0x00,0x00,0x30,0x00,0x18,0x00,0x0C,0x00,0x06,0x00,0x06,0x00,0x02,0x00,
0x02,0x00,0x02,0x00,0x03,0x00,0x02,0x00,0x06,0x00,0x06,0x00,0x0C,0x00,0x1C,0x00,
0x38,0x00,0x20,0x00,0x00,0x00,0x00,0x00,/*")",9*/
/* (10 X 20 , Maple Mono NF CN )*/

0x00,0x00,0x00,0x00,0x00,0x00,0x00,0x00,0x00,0x00,0x00,0x00,0x0C,0x00,0x0C,0x00,
0x7F,0x80,0x3F,0x00,0x1E,0x00,0x7F,0x80,0x0C,0x00,0x0C,0x00,0x00,0x00,0x00,0x00,
0x00,0x00,0x00,0x00,0x00,0x00,0x00,0x00,/*"*",10*/
/* (10 X 20 , Maple Mono NF CN )*/

0x00,0x00,0x00,0x00,0x00,0x00,0x00,0x00,0x00,0x00,0x00,0x00,0x00,0x00,0x0C,0x00,
0x0C,0x00,0x7F,0x80,0x7F,0x80,0x0C,0x00,0x0C,0x00,0x08,0x00,0x00,0x00,0x00,0x00,
0x00,0x00,0x00,0x00,0x00,0x00,0x00,0x00,/*"+",11*/
/* (10 X 20 , Maple Mono NF CN )*/

0x00,0x00,0x00,0x00,0x00,0x00,0x00,0x00,0x00,0x00,0x00,0x00,0x00,0x00,0x00,0x00,
0x00,0x00,0x00,0x00,0x00,0x00,0x00,0x00,0x00,0x00,0x0C,0x00,0x1C,0x00,0x04,0x00,
0x04,0x00,0x38,0x00,0x00,0x00,0x00,0x00,/*",",12*/
/* (10 X 20 , Maple Mono NF CN )*/

0x00,0x00,0x00,0x00,0x00,0x00,0x00,0x00,0x00,0x00,0x00,0x00,0x00,0x00,0x00,0x00,
0x00,0x00,0x7F,0x80,0x7F,0x80,0x00,0x00,0x00,0x00,0x00,0x00,0x00,0x00,0x00,0x00,
0x00,0x00,0x00,0x00,0x00,0x00,0x00,0x00,/*"-",13*/
/* (10 X 20 , Maple Mono NF CN )*/

0x00,0x00,0x00,0x00,0x00,0x00,0x00,0x00,0x00,0x00,0x00,0x00,0x00,0x00,0x00,0x00,
0x00,0x00,0x00,0x00,0x00,0x00,0x00,0x00,0x00,0x00,0x0C,0x00,0x0C,0x00,0x00,0x00,
0x00,0x00,0x00,0x00,0x00,0x00,0x00,0x00,/*".",14*/
/* (10 X 20 , Maple Mono NF CN )*/

0x00,0x00,0x00,0x00,0x00,0x00,0x01,0x00,0x03,0x00,0x03,0x00,0x02,0x00,0x06,0x00,
0x04,0x00,0x0C,0x00,0x08,0x00,0x18,0x00,0x18,0x00,0x10,0x00,0x30,0x00,0x20,0x00,
0x20,0x00,0x00,0x00,0x00,0x00,0x00,0x00,/*"/",15*/
/* (10 X 20 , Maple Mono NF CN )*/

0x00,0x00,0x00,0x00,0x00,0x00,0x00,0x00,0x1E,0x00,0x33,0x00,0x61,0x80,0x63,0x80,
0x67,0x80,0x6D,0x80,0x79,0x80,0x71,0x80,0x61,0x80,0x33,0x00,0x1E,0x00,0x00,0x00,
0x00,0x00,0x00,0x00,0x00,0x00,0x00,0x00,/*"0",16*/
/* (10 X 20 , Maple Mono NF CN )*/

0x00,0x00,0x00,0x00,0x00,0x00,0x00,0x00,0x1C,0x00,0x34,0x00,0x64,0x00,0x04,0x00,
0x04,0x00,0x04,0x00,0x04,0x00,0x04,0x00,0x04,0x00,0x04,0x00,0x7F,0x80,0x00,0x00,
0x00,0x00,0x00,0x00,0x00,0x00,0x00,0x00,/*"1",17*/
/* (10 X 20 , Maple Mono NF CN )*/

0x00,0x00,0x00,0x00,0x00,0x00,0x00,0x00,0x3E,0x00,0x23,0x00,0x01,0x80,0x01,0x80,
0x01,0x00,0x03,0x00,0x06,0x00,0x0C,0x00,0x38,0x00,0x70,0x00,0x7F,0x80,0x00,0x00,
0x00,0x00,0x00,0x00,0x00,0x00,0x00,0x00,/*"2",18*/
/* (10 X 20 , Maple Mono NF CN )*/

0x00,0x00,0x00,0x00,0x00,0x00,0x00,0x00,0x3E,0x00,0x23,0x00,0x01,0x00,0x03,0x00,
0x06,0x00,0x1F,0x00,0x01,0x00,0x01,0x80,0x01,0x80,0x63,0x00,0x7E,0x00,0x00,0x00,
0x00,0x00,0x00,0x00,0x00,0x00,0x00,0x00,/*"3",19*/
/* (10 X 20 , Maple Mono NF CN )*/

0x00,0x00,0x00,0x00,0x00,0x00,0x00,0x00,0x02,0x00,0x07,0x00,0x0F,0x00,0x0B,0x00,
0x1B,0x00,0x33,0x00,0x63,0x00,0x7F,0x80,0x3F,0x80,0x03,0x00,0x02,0x00,0x00,0x00,
0x00,0x00,0x00,0x00,0x00,0x00,0x00,0x00,/*"4",20*/
/* (10 X 20 , Maple Mono NF CN )*/

0x00,0x00,0x00,0x00,0x00,0x00,0x00,0x00,0x3F,0x00,0x30,0x00,0x20,0x00,0x20,0x00,
0x3C,0x00,0x3F,0x00,0x01,0x00,0x01,0x80,0x01,0x80,0x63,0x00,0x7E,0x00,0x00,0x00,
0x00,0x00,0x00,0x00,0x00,0x00,0x00,0x00,/*"5",21*/
/* (10 X 20 , Maple Mono NF CN )*/

0x00,0x00,0x00,0x00,0x00,0x00,0x00,0x00,0x06,0x00,0x08,0x00,0x10,0x00,0x30,0x00,
0x2E,0x00,0x73,0x00,0x61,0x80,0x61,0x80,0x61,0x80,0x33,0x00,0x1E,0x00,0x00,0x00,
0x00,0x00,0x00,0x00,0x00,0x00,0x00,0x00,/*"6",22*/
/* (10 X 20 , Maple Mono NF CN )*/

0x00,0x00,0x00,0x00,0x00,0x00,0x00,0x00,0x7F,0x80,0x01,0x80,0x01,0x00,0x03,0x00,
0x02,0x00,0x06,0x00,0x06,0x00,0x0C,0x00,0x0C,0x00,0x08,0x00,0x18,0x00,0x00,0x00,
0x00,0x00,0x00,0x00,0x00,0x00,0x00,0x00,/*"7",23*/
/* (10 X 20 , Maple Mono NF CN )*/

0x00,0x00,0x00,0x00,0x00,0x00,0x00,0x00,0x1E,0x00,0x33,0x00,0x61,0x80,0x21,0x00,
0x33,0x00,0x1E,0x00,0x21,0x00,0x61,0x80,0x61,0x80,0x33,0x00,0x1E,0x00,0x00,0x00,
0x00,0x00,0x00,0x00,0x00,0x00,0x00,0x00,/*"8",24*/
/* (10 X 20 , Maple Mono NF CN )*/

0x00,0x00,0x00,0x00,0x00,0x00,0x00,0x00,0x1E,0x00,0x33,0x00,0x61,0x80,0x61,0x80,
0x61,0x80,0x33,0x80,0x1D,0x00,0x03,0x00,0x02,0x00,0x04,0x00,0x18,0x00,0x00,0x00,
0x00,0x00,0x00,0x00,0x00,0x00,0x00,0x00,/*"9",25*/
/* (10 X 20 , Maple Mono NF CN )*/

0x00,0x00,0x00,0x00,0x00,0x00,0x00,0x00,0x00,0x00,0x00,0x00,0x00,0x00,0x0C,0x00,
0x0C,0x00,0x0C,0x00,0x00,0x00,0x00,0x00,0x00,0x00,0x0C,0x00,0x0C,0x00,0x00,0x00,
0x00,0x00,0x00,0x00,0x00,0x00,0x00,0x00,/*":",26*/
/* (10 X 20 , Maple Mono NF CN )*/

0x00,0x00,0x00,0x00,0x00,0x00,0x00,0x00,0x00,0x00,0x00,0x00,0x00,0x00,0x0C,0x00,
0x0C,0x00,0x0C,0x00,0x00,0x00,0x00,0x00,0x00,0x00,0x0C,0x00,0x1C,0x00,0x04,0x00,
0x04,0x00,0x38,0x00,0x00,0x00,0x00,0x00,/*";",27*/
/* (10 X 20 , Maple Mono NF CN )*/

0x00,0x00,0x00,0x00,0x00,0x00,0x00,0x00,0x00,0x00,0x00,0x00,0x01,0x00,0x07,0x80,
0x1E,0x00,0x38,0x00,0x70,0x00,0x1E,0x00,0x07,0x80,0x01,0x00,0x00,0x00,0x00,0x00,
0x00,0x00,0x00,0x00,0x00,0x00,0x00,0x00,/*"<",28*/
/* (10 X 20 , Maple Mono NF CN )*/

0x00,0x00,0x00,0x00,0x00,0x00,0x00,0x00,0x00,0x00,0x00,0x00,0x00,0x00,0x00,0x00,
0x7F,0x80,0x00,0x00,0x00,0x00,0x7F,0x80,0x3F,0x00,0x00,0x00,0x00,0x00,0x00,0x00,
0x00,0x00,0x00,0x00,0x00,0x00,0x00,0x00,/*"=",29*/
/* (10 X 20 , Maple Mono NF CN )*/

0x00,0x00,0x00,0x00,0x00,0x00,0x00,0x00,0x00,0x00,0x00,0x00,0x40,0x00,0x78,0x00,
0x1E,0x00,0x07,0x00,0x03,0x80,0x1E,0x00,0x78,0x00,0x20,0x00,0x00,0x00,0x00,0x00,
0x00,0x00,0x00,0x00,0x00,0x00,0x00,0x00,/*">",30*/
/* (10 X 20 , Maple Mono NF CN )*/

0x00,0x00,0x00,0x00,0x00,0x00,0x00,0x00,0x1F,0x00,0x33,0x00,0x21,0x80,0x01,0x80,
0x03,0x00,0x06,0x00,0x0C,0x00,0x00,0x00,0x00,0x00,0x0C,0x00,0x0C,0x00,0x00,0x00,
0x00,0x00,0x00,0x00,0x00,0x00,0x00,0x00,/*"?",31*/
/* (10 X 20 , Maple Mono NF CN )*/

0x00,0x00,0x00,0x00,0x00,0x00,0x00,0x00,0x00,0x00,0x7E,0x00,0xC3,0x00,0x01,0x80,
0x38,0x80,0x6C,0x80,0x6C,0x80,0x44,0x80,0x44,0x00,0x66,0x00,0x77,0x80,0x00,0x00,
0x00,0x00,0x00,0x00,0x00,0x00,0x00,0x00,/*"@",32*/
/* (10 X 20 , Maple Mono NF CN )*/

0x00,0x00,0x00,0x00,0x00,0x00,0x00,0x00,0x0C,0x00,0x0C,0x00,0x1E,0x00,0x12,0x00,
0x12,0x00,0x33,0x00,0x33,0x00,0x3F,0x00,0x61,0x80,0x61,0x80,0x40,0x80,0x00,0x00,
0x00,0x00,0x00,0x00,0x00,0x00,0x00,0x00,/*"A",33*/
/* (10 X 20 , Maple Mono NF CN )*/

0x00,0x00,0x00,0x00,0x00,0x00,0x00,0x00,0x3E,0x00,0x23,0x00,0x21,0x80,0x21,0x00,
0x23,0x00,0x3E,0x00,0x21,0x00,0x21,0x80,0x21,0x80,0x23,0x00,0x3E,0x00,0x00,0x00,
0x00,0x00,0x00,0x00,0x00,0x00,0x00,0x00,/*"B",34*/
/* (10 X 20 , Maple Mono NF CN )*/

0x00,0x00,0x00,0x00,0x00,0x00,0x00,0x00,0x1F,0x00,0x39,0x80,0x20,0x00,0x60,0x00,
0x60,0x00,0x60,0x00,0x60,0x00,0x60,0x00,0x20,0x00,0x38,0x80,0x1F,0x80,0x00,0x00,
0x00,0x00,0x00,0x00,0x00,0x00,0x00,0x00,/*"C",35*/
/* (10 X 20 , Maple Mono NF CN )*/

0x00,0x00,0x00,0x00,0x00,0x00,0x00,0x00,0x3E,0x00,0x27,0x00,0x21,0x00,0x21,0x80,
0x21,0x80,0x21,0x80,0x21,0x80,0x21,0x80,0x21,0x00,0x27,0x00,0x3E,0x00,0x00,0x00,
0x00,0x00,0x00,0x00,0x00,0x00,0x00,0x00,/*"D",36*/
/* (10 X 20 , Maple Mono NF CN )*/

0x00,0x00,0x00,0x00,0x00,0x00,0x00,0x00,0x3F,0x80,0x20,0x00,0x20,0x00,0x20,0x00,
0x20,0x00,0x3F,0x00,0x20,0x00,0x20,0x00,0x20,0x00,0x20,0x00,0x3F,0x80,0x00,0x00,
0x00,0x00,0x00,0x00,0x00,0x00,0x00,0x00,/*"E",37*/
/* (10 X 20 , Maple Mono NF CN )*/

0x00,0x00,0x00,0x00,0x00,0x00,0x00,0x00,0x3F,0x80,0x20,0x00,0x20,0x00,0x20,0x00,
0x20,0x00,0x3F,0x00,0x20,0x00,0x20,0x00,0x20,0x00,0x20,0x00,0x20,0x00,0x00,0x00,
0x00,0x00,0x00,0x00,0x00,0x00,0x00,0x00,/*"F",38*/
/* (10 X 20 , Maple Mono NF CN )*/

0x00,0x00,0x00,0x00,0x00,0x00,0x00,0x00,0x1E,0x00,0x33,0x00,0x61,0x00,0x60,0x00,
0x40,0x00,0x47,0x00,0x47,0x80,0x61,0x80,0x61,0x80,0x33,0x00,0x1E,0x00,0x00,0x00,
0x00,0x00,0x00,0x00,0x00,0x00,0x00,0x00,/*"G",39*/
/* (10 X 20 , Maple Mono NF CN )*/

0x00,0x00,0x00,0x00,0x00,0x00,0x00,0x00,0x21,0x00,0x21,0x00,0x21,0x00,0x21,0x00,
0x21,0x00,0x3F,0x00,0x21,0x00,0x21,0x00,0x21,0x00,0x21,0x00,0x21,0x00,0x00,0x00,
0x00,0x00,0x00,0x00,0x00,0x00,0x00,0x00,/*"H",40*/
/* (10 X 20 , Maple Mono NF CN )*/

0x00,0x00,0x00,0x00,0x00,0x00,0x00,0x00,0x3F,0x00,0x0C,0x00,0x0C,0x00,0x0C,0x00,
0x0C,0x00,0x0C,0x00,0x0C,0x00,0x0C,0x00,0x0C,0x00,0x0C,0x00,0x3F,0x00,0x00,0x00,
0x00,0x00,0x00,0x00,0x00,0x00,0x00,0x00,/*"I",41*/
/* (10 X 20 , Maple Mono NF CN )*/

0x00,0x00,0x00,0x00,0x00,0x00,0x00,0x00,0x1F,0x00,0x01,0x00,0x01,0x00,0x01,0x00,
0x01,0x00,0x01,0x00,0x01,0x00,0x01,0x00,0x41,0x00,0x63,0x00,0x3E,0x00,0x00,0x00,
0x00,0x00,0x00,0x00,0x00,0x00,0x00,0x00,/*"J",42*/
/* (10 X 20 , Maple Mono NF CN )*/

0x00,0x00,0x00,0x00,0x00,0x00,0x00,0x00,0x21,0x00,0x23,0x00,0x26,0x00,0x2C,0x00,
0x38,0x00,0x38,0x00,0x2C,0x00,0x26,0x00,0x22,0x00,0x23,0x00,0x21,0x80,0x00,0x00,
0x00,0x00,0x00,0x00,0x00,0x00,0x00,0x00,/*"K",43*/
/* (10 X 20 , Maple Mono NF CN )*/

0x00,0x00,0x00,0x00,0x00,0x00,0x00,0x00,0x30,0x00,0x30,0x00,0x30,0x00,0x30,0x00,
0x30,0x00,0x30,0x00,0x30,0x00,0x30,0x00,0x30,0x00,0x30,0x00,0x3F,0x80,0x00,0x00,
0x00,0x00,0x00,0x00,0x00,0x00,0x00,0x00,/*"L",44*/
/* (10 X 20 , Maple Mono NF CN )*/

0x00,0x00,0x00,0x00,0x00,0x00,0x00,0x00,0x73,0x80,0x73,0x80,0x73,0x80,0x73,0x80,
0x7F,0x80,0x6D,0x80,0x6D,0x80,0x61,0x80,0x61,0x80,0x61,0x80,0x40,0x80,0x00,0x00,
0x00,0x00,0x00,0x00,0x00,0x00,0x00,0x00,/*"M",45*/
/* (10 X 20 , Maple Mono NF CN )*/

0x00,0x00,0x00,0x00,0x00,0x00,0x00,0x00,0x71,0x80,0x71,0x80,0x79,0x80,0x79,0x80,
0x69,0x80,0x6D,0x80,0x65,0x80,0x67,0x80,0x67,0x80,0x63,0x80,0x63,0x80,0x00,0x00,
0x00,0x00,0x00,0x00,0x00,0x00,0x00,0x00,/*"N",46*/
/* (10 X 20 , Maple Mono NF CN )*/

0x00,0x00,0x00,0x00,0x00,0x00,0x00,0x00,0x1E,0x00,0x33,0x00,0x61,0x80,0x61,0x80,
0x61,0x80,0x61,0x80,0x61,0x80,0x61,0x80,0x61,0x80,0x33,0x00,0x1E,0x00,0x00,0x00,
0x00,0x00,0x00,0x00,0x00,0x00,0x00,0x00,/*"O",47*/
/* (10 X 20 , Maple Mono NF CN )*/

0x00,0x00,0x00,0x00,0x00,0x00,0x00,0x00,0x3F,0x00,0x23,0x80,0x20,0x80,0x20,0x80,
0x21,0x80,0x3F,0x00,0x20,0x00,0x20,0x00,0x20,0x00,0x20,0x00,0x20,0x00,0x00,0x00,
0x00,0x00,0x00,0x00,0x00,0x00,0x00,0x00,/*"P",48*/
/* (10 X 20 , Maple Mono NF CN )*/

0x00,0x00,0x00,0x00,0x00,0x00,0x00,0x00,0x1E,0x00,0x33,0x00,0x61,0x80,0x61,0x80,
0x61,0x80,0x61,0x80,0x61,0x80,0x61,0x80,0x61,0x80,0x33,0x00,0x1E,0x00,0x00,0x00,
0x0E,0x00,0x03,0x80,0x00,0x00,0x00,0x00,/*"Q",49*/
/* (10 X 20 , Maple Mono NF CN )*/

0x00,0x00,0x00,0x00,0x00,0x00,0x00,0x00,0x3F,0x00,0x23,0x80,0x20,0x80,0x20,0x80,
0x21,0x80,0x3F,0x00,0x26,0x00,0x22,0x00,0x23,0x00,0x21,0x00,0x21,0x80,0x00,0x00,
0x00,0x00,0x00,0x00,0x00,0x00,0x00,0x00,/*"R",50*/
/* (10 X 20 , Maple Mono NF CN )*/

0x00,0x00,0x00,0x00,0x00,0x00,0x00,0x00,0x1E,0x00,0x33,0x00,0x21,0x00,0x60,0x00,
0x38,0x00,0x1F,0x00,0x01,0x00,0x01,0x80,0x61,0x80,0x33,0x00,0x1F,0x00,0x00,0x00,
0x00,0x00,0x00,0x00,0x00,0x00,0x00,0x00,/*"S",51*/
/* (10 X 20 , Maple Mono NF CN )*/

0x00,0x00,0x00,0x00,0x00,0x00,0x00,0x00,0x7F,0x80,0x0C,0x00,0x0C,0x00,0x0C,0x00,
0x0C,0x00,0x0C,0x00,0x0C,0x00,0x0C,0x00,0x0C,0x00,0x0C,0x00,0x0C,0x00,0x00,0x00,
0x00,0x00,0x00,0x00,0x00,0x00,0x00,0x00,/*"T",52*/
/* (10 X 20 , Maple Mono NF CN )*/

0x00,0x00,0x00,0x00,0x00,0x00,0x00,0x00,0x21,0x00,0x61,0x80,0x61,0x80,0x61,0x80,
0x61,0x80,0x61,0x80,0x61,0x80,0x61,0x80,0x21,0x00,0x33,0x00,0x1E,0x00,0x00,0x00,
0x00,0x00,0x00,0x00,0x00,0x00,0x00,0x00,/*"U",53*/
/* (10 X 20 , Maple Mono NF CN )*/

0x00,0x00,0x00,0x00,0x00,0x00,0x00,0x00,0x61,0x80,0x61,0x80,0x21,0x00,0x21,0x00,
0x33,0x00,0x33,0x00,0x12,0x00,0x1E,0x00,0x1E,0x00,0x0C,0x00,0x0C,0x00,0x00,0x00,
0x00,0x00,0x00,0x00,0x00,0x00,0x00,0x00,/*"V",54*/
/* (10 X 20 , Maple Mono NF CN )*/

0x00,0x00,0x00,0x00,0x00,0x00,0x00,0x00,0x40,0x80,0x40,0x80,0x40,0x80,0x4C,0x80,
0x4C,0x80,0x6D,0x80,0x7F,0x80,0x73,0x80,0x73,0x80,0x33,0x00,0x33,0x00,0x00,0x00,
0x00,0x00,0x00,0x00,0x00,0x00,0x00,0x00,/*"W",55*/
/* (10 X 20 , Maple Mono NF CN )*/

0x00,0x00,0x00,0x00,0x00,0x00,0x00,0x00,0x61,0x80,0x21,0x00,0x33,0x00,0x1E,0x00,
0x0C,0x00,0x0C,0x00,0x0C,0x00,0x1E,0x00,0x33,0x00,0x21,0x00,0x61,0x80,0x00,0x00,
0x00,0x00,0x00,0x00,0x00,0x00,0x00,0x00,/*"X",56*/
/* (10 X 20 , Maple Mono NF CN )*/

0x00,0x00,0x00,0x00,0x00,0x00,0x00,0x00,0x40,0x80,0x61,0x80,0x21,0x00,0x33,0x00,
0x12,0x00,0x0C,0x00,0x0C,0x00,0x0C,0x00,0x0C,0x00,0x0C,0x00,0x0C,0x00,0x00,0x00,
0x00,0x00,0x00,0x00,0x00,0x00,0x00,0x00,/*"Y",57*/
/* (10 X 20 , Maple Mono NF CN )*/

0x00,0x00,0x00,0x00,0x00,0x00,0x00,0x00,0x3F,0x00,0x41,0x00,0x03,0x00,0x06,0x00,
0x04,0x00,0x0C,0x00,0x18,0x00,0x10,0x00,0x30,0x00,0x20,0x00,0x7F,0x80,0x00,0x00,
0x00,0x00,0x00,0x00,0x00,0x00,0x00,0x00,/*"Z",58*/
/* (10 X 20 , Maple Mono NF CN )*/

0x00,0x00,0x00,0x00,0x1E,0x00,0x31,0x00,0x30,0x00,0x30,0x00,0x30,0x00,0x30,0x00,
0x30,0x00,0x30,0x00,0x30,0x00,0x30,0x00,0x30,0x00,0x30,0x00,0x30,0x00,0x30,0x00,
0x1F,0x00,0x00,0x00,0x00,0x00,0x00,0x00,/*"[",59*/
/* (10 X 20 , Maple Mono NF CN )*/

0x00,0x00,0x00,0x00,0x00,0x00,0x20,0x00,0x30,0x00,0x30,0x00,0x10,0x00,0x18,0x00,
0x08,0x00,0x0C,0x00,0x04,0x00,0x06,0x00,0x06,0x00,0x02,0x00,0x03,0x00,0x01,0x00,
0x01,0x00,0x00,0x00,0x00,0x00,0x00,0x00,/*"\",60*/
/* (10 X 20 , Maple Mono NF CN )*/

0x00,0x00,0x00,0x00,0x1E,0x00,0x23,0x00,0x03,0x00,0x03,0x00,0x03,0x00,0x03,0x00,
0x03,0x00,0x03,0x00,0x03,0x00,0x03,0x00,0x03,0x00,0x03,0x00,0x03,0x00,0x03,0x00,
0x3E,0x00,0x00,0x00,0x00,0x00,0x00,0x00,/*"]",61*/
/* (10 X 20 , Maple Mono NF CN )*/

0x00,0x00,0x00,0x00,0x00,0x00,0x00,0x00,0x00,0x00,0x0C,0x00,0x1E,0x00,0x12,0x00,
0x33,0x00,0x21,0x00,0x00,0x00,0x00,0x00,0x00,0x00,0x00,0x00,0x00,0x00,0x00,0x00,
0x00,0x00,0x00,0x00,0x00,0x00,0x00,0x00,/*"^",62*/
/* (10 X 20 , Maple Mono NF CN )*/

0x00,0x00,0x00,0x00,0x00,0x00,0x00,0x00,0x00,0x00,0x00,0x00,0x00,0x00,0x00,0x00,
0x00,0x00,0x00,0x00,0x00,0x00,0x00,0x00,0x00,0x00,0x00,0x00,0x00,0x00,0x00,0x00,
0x7F,0x80,0x00,0x00,0x00,0x00,0x00,0x00,/*"_",63*/
/* (10 X 20 , Maple Mono NF CN )*/

0x00,0x00,0x00,0x00,0x00,0x00,0x18,0x00,0x0C,0x00,0x06,0x00,0x02,0x00,0x00,0x00,
0x00,0x00,0x00,0x00,0x00,0x00,0x00,0x00,0x00,0x00,0x00,0x00,0x00,0x00,0x00,0x00,
0x00,0x00,0x00,0x00,0x00,0x00,0x00,0x00,/*"`",64*/
/* (10 X 20 , Maple Mono NF CN )*/

0x00,0x00,0x00,0x00,0x00,0x00,0x00,0x00,0x00,0x00,0x00,0x00,0x00,0x00,0x1F,0x00,
0x33,0x00,0x61,0x00,0x61,0x00,0x63,0x00,0x63,0x00,0x67,0x00,0x3D,0x80,0x00,0x00,
0x00,0x00,0x00,0x00,0x00,0x00,0x00,0x00,/*"a",65*/
/* (10 X 20 , Maple Mono NF CN )*/

0x00,0x00,0x00,0x00,0x00,0x00,0x00,0x00,0x20,0x00,0x60,0x00,0x60,0x00,0x7F,0x00,
0x71,0x00,0x61,0x80,0x61,0x80,0x61,0x80,0x61,0x80,0x73,0x00,0x2F,0x00,0x00,0x00,
0x00,0x00,0x00,0x00,0x00,0x00,0x00,0x00,/*"b",66*/
/* (10 X 20 , Maple Mono NF CN )*/

0x00,0x00,0x00,0x00,0x00,0x00,0x00,0x00,0x00,0x00,0x00,0x00,0x00,0x00,0x1F,0x00,
0x31,0x80,0x60,0x00,0x60,0x00,0x60,0x00,0x20,0x00,0x31,0x00,0x1F,0x00,0x00,0x00,
0x00,0x00,0x00,0x00,0x00,0x00,0x00,0x00,/*"c",67*/
/* (10 X 20 , Maple Mono NF CN )*/

0x00,0x00,0x00,0x00,0x00,0x00,0x00,0x00,0x01,0x00,0x01,0x80,0x01,0x80,0x3F,0x80,
0x23,0x80,0x61,0x80,0x61,0x80,0x61,0x80,0x61,0x80,0x33,0x80,0x3D,0x00,0x00,0x00,
0x00,0x00,0x00,0x00,0x00,0x00,0x00,0x00,/*"d",68*/
/* (10 X 20 , Maple Mono NF CN )*/

0x00,0x00,0x00,0x00,0x00,0x00,0x00,0x00,0x00,0x00,0x00,0x00,0x00,0x00,0x3F,0x00,
0x31,0x00,0x61,0x00,0x7F,0x80,0x60,0x00,0x60,0x00,0x31,0x00,0x1F,0x00,0x00,0x00,
0x00,0x00,0x00,0x00,0x00,0x00,0x00,0x00,/*"e",69*/
/* (10 X 20 , Maple Mono NF CN )*/

0x00,0x00,0x00,0x00,0x00,0x00,0x00,0x00,0x07,0x80,0x0C,0x00,0x08,0x00,0x08,0x00,
0x7F,0x80,0x08,0x00,0x08,0x00,0x08,0x00,0x08,0x00,0x08,0x00,0x08,0x00,0x00,0x00,
0x00,0x00,0x00,0x00,0x00,0x00,0x00,0x00,/*"f",70*/
/* (10 X 20 , Maple Mono NF CN )*/

0x00,0x00,0x00,0x00,0x00,0x00,0x00,0x00,0x00,0x00,0x00,0x00,0x00,0x00,0x3F,0x80,
0x23,0x80,0x61,0x80,0x61,0x80,0x61,0x80,0x21,0x80,0x37,0x80,0x1D,0x80,0x01,0x00,
0x21,0x00,0x3F,0x00,0x0C,0x00,0x00,0x00,/*"g",71*/
/* (10 X 20 , Maple Mono NF CN )*/

0x00,0x00,0x00,0x00,0x00,0x00,0x00,0x00,0x20,0x00,0x20,0x00,0x20,0x00,0x3F,0x00,
0x33,0x00,0x21,0x00,0x21,0x00,0x21,0x00,0x21,0x00,0x21,0x00,0x21,0x00,0x00,0x00,
0x00,0x00,0x00,0x00,0x00,0x00,0x00,0x00,/*"h",72*/
/* (10 X 20 , Maple Mono NF CN )*/

0x00,0x00,0x00,0x00,0x00,0x00,0x00,0x00,0x0E,0x00,0x04,0x00,0x00,0x00,0x3C,0x00,
0x0C,0x00,0x04,0x00,0x04,0x00,0x04,0x00,0x04,0x00,0x04,0x00,0x7F,0x80,0x00,0x00,
0x00,0x00,0x00,0x00,0x00,0x00,0x00,0x00,/*"i",73*/
/* (10 X 20 , Maple Mono NF CN )*/

0x00,0x00,0x00,0x00,0x00,0x00,0x00,0x00,0x07,0x00,0x02,0x00,0x00,0x00,0x3E,0x00,
0x02,0x00,0x02,0x00,0x02,0x00,0x02,0x00,0x02,0x00,0x02,0x00,0x02,0x00,0x02,0x00,
0x42,0x00,0x7E,0x00,0x18,0x00,0x00,0x00,/*"j",74*/
/* (10 X 20 , Maple Mono NF CN )*/

0x00,0x00,0x00,0x00,0x00,0x00,0x00,0x00,0x20,0x00,0x20,0x00,0x20,0x00,0x23,0x00,
0x26,0x00,0x2C,0x00,0x3C,0x00,0x36,0x00,0x22,0x00,0x23,0x00,0x21,0x80,0x00,0x00,
0x00,0x00,0x00,0x00,0x00,0x00,0x00,0x00,/*"k",75*/
/* (10 X 20 , Maple Mono NF CN )*/

0x00,0x00,0x00,0x00,0x00,0x00,0x00,0x00,0x78,0x00,0x08,0x00,0x08,0x00,0x08,0x00,
0x08,0x00,0x08,0x00,0x08,0x00,0x08,0x00,0x08,0x00,0x0C,0x80,0x07,0x80,0x00,0x00,
0x00,0x00,0x00,0x00,0x00,0x00,0x00,0x00,/*"l",76*/
/* (10 X 20 , Maple Mono NF CN )*/

0x00,0x00,0x00,0x00,0x00,0x00,0x00,0x00,0x00,0x00,0x00,0x00,0x00,0x00,0x5B,0x80,
0x6D,0x80,0x4C,0x80,0x4C,0x80,0x4C,0x80,0x4C,0x80,0x4C,0x80,0x4C,0x80,0x00,0x00,
0x00,0x00,0x00,0x00,0x00,0x00,0x00,0x00,/*"m",77*/
/* (10 X 20 , Maple Mono NF CN )*/

0x00,0x00,0x00,0x00,0x00,0x00,0x00,0x00,0x00,0x00,0x00,0x00,0x00,0x00,0x3F,0x00,
0x33,0x00,0x21,0x00,0x21,0x00,0x21,0x00,0x21,0x00,0x21,0x00,0x21,0x00,0x00,0x00,
0x00,0x00,0x00,0x00,0x00,0x00,0x00,0x00,/*"n",78*/
/* (10 X 20 , Maple Mono NF CN )*/

0x00,0x00,0x00,0x00,0x00,0x00,0x00,0x00,0x00,0x00,0x00,0x00,0x00,0x00,0x3F,0x00,
0x33,0x00,0x61,0x80,0x61,0x80,0x61,0x80,0x61,0x80,0x33,0x00,0x1E,0x00,0x00,0x00,
0x00,0x00,0x00,0x00,0x00,0x00,0x00,0x00,/*"o",79*/
/* (10 X 20 , Maple Mono NF CN )*/

0x00,0x00,0x00,0x00,0x00,0x00,0x00,0x00,0x00,0x00,0x00,0x00,0x00,0x00,0x7F,0x00,
0x71,0x00,0x61,0x80,0x61,0x80,0x61,0x80,0x61,0x00,0x73,0x00,0x6E,0x00,0x60,0x00,
0x60,0x00,0x20,0x00,0x00,0x00,0x00,0x00,/*"p",80*/
/* (10 X 20 , Maple Mono NF CN )*/

0x00,0x00,0x00,0x00,0x00,0x00,0x00,0x00,0x00,0x00,0x00,0x00,0x00,0x00,0x3F,0x80,
0x23,0x80,0x61,0x80,0x61,0x80,0x61,0x80,0x21,0x80,0x33,0x80,0x1D,0x80,0x01,0x80,
0x01,0x80,0x01,0x00,0x00,0x00,0x00,0x00,/*"q",81*/
/* (10 X 20 , Maple Mono NF CN )*/

0x00,0x00,0x00,0x00,0x00,0x00,0x00,0x00,0x00,0x00,0x00,0x00,0x00,0x00,0x2F,0x00,
0x31,0x80,0x21,0x80,0x20,0x00,0x20,0x00,0x20,0x00,0x20,0x00,0x20,0x00,0x00,0x00,
0x00,0x00,0x00,0x00,0x00,0x00,0x00,0x00,/*"r",82*/
/* (10 X 20 , Maple Mono NF CN )*/

0x00,0x00,0x00,0x00,0x00,0x00,0x00,0x00,0x00,0x00,0x00,0x00,0x00,0x00,0x3F,0x00,
0x21,0x00,0x20,0x00,0x3E,0x00,0x03,0x00,0x01,0x80,0x71,0x80,0x3F,0x00,0x00,0x00,
0x00,0x00,0x00,0x00,0x00,0x00,0x00,0x00,/*"s",83*/
/* (10 X 20 , Maple Mono NF CN )*/

0x00,0x00,0x00,0x00,0x00,0x00,0x00,0x00,0x08,0x00,0x18,0x00,0x18,0x00,0x7F,0x80,
0x18,0x00,0x18,0x00,0x18,0x00,0x18,0x00,0x18,0x00,0x09,0x00,0x0F,0x80,0x00,0x00,
0x00,0x00,0x00,0x00,0x00,0x00,0x00,0x00,/*"t",84*/
/* (10 X 20 , Maple Mono NF CN )*/

0x00,0x00,0x00,0x00,0x00,0x00,0x00,0x00,0x00,0x00,0x00,0x00,0x00,0x00,0x21,0x00,
0x21,0x00,0x21,0x00,0x21,0x00,0x21,0x00,0x21,0x00,0x33,0x00,0x1D,0x00,0x00,0x00,
0x00,0x00,0x00,0x00,0x00,0x00,0x00,0x00,/*"u",85*/
/* (10 X 20 , Maple Mono NF CN )*/

0x00,0x00,0x00,0x00,0x00,0x00,0x00,0x00,0x00,0x00,0x00,0x00,0x00,0x00,0x61,0x80,
0x21,0x00,0x33,0x00,0x33,0x00,0x12,0x00,0x1E,0x00,0x0C,0x00,0x0C,0x00,0x00,0x00,
0x00,0x00,0x00,0x00,0x00,0x00,0x00,0x00,/*"v",86*/
/* (10 X 20 , Maple Mono NF CN )*/

0x00,0x00,0x00,0x00,0x00,0x00,0x00,0x00,0x00,0x00,0x00,0x00,0x00,0x00,0x40,0x80,
0x48,0x80,0x4C,0x80,0x4C,0x80,0x7F,0x80,0x73,0x80,0x73,0x00,0x33,0x00,0x00,0x00,
0x00,0x00,0x00,0x00,0x00,0x00,0x00,0x00,/*"w",87*/
/* (10 X 20 , Maple Mono NF CN )*/

0x00,0x00,0x00,0x00,0x00,0x00,0x00,0x00,0x00,0x00,0x00,0x00,0x00,0x00,0x61,0x80,
0x33,0x00,0x1E,0x00,0x0C,0x00,0x0C,0x00,0x1E,0x00,0x33,0x00,0x61,0x80,0x00,0x00,
0x00,0x00,0x00,0x00,0x00,0x00,0x00,0x00,/*"x",88*/
/* (10 X 20 , Maple Mono NF CN )*/

0x00,0x00,0x00,0x00,0x00,0x00,0x00,0x00,0x00,0x00,0x00,0x00,0x00,0x00,0x61,0x80,
0x21,0x00,0x33,0x00,0x13,0x00,0x1A,0x00,0x1E,0x00,0x0E,0x00,0x0C,0x00,0x0C,0x00,
0x18,0x00,0x70,0x00,0x00,0x00,0x00,0x00,/*"y",89*/
/* (10 X 20 , Maple Mono NF CN )*/

0x00,0x00,0x00,0x00,0x00,0x00,0x00,0x00,0x00,0x00,0x00,0x00,0x00,0x00,0x3F,0x00,
0x03,0x00,0x06,0x00,0x0C,0x00,0x18,0x00,0x10,0x00,0x20,0x00,0x7F,0x80,0x00,0x00,
0x00,0x00,0x00,0x00,0x00,0x00,0x00,0x00,/*"z",90*/
/* (10 X 20 , Maple Mono NF CN )*/

0x00,0x00,0x00,0x00,0x07,0x80,0x0E,0x00,0x08,0x00,0x08,0x00,0x0C,0x00,0x0C,0x00,
0x08,0x00,0x70,0x00,0x08,0x00,0x0C,0x00,0x0C,0x00,0x0C,0x00,0x08,0x00,0x0C,0x00,
0x07,0x80,0x00,0x00,0x00,0x00,0x00,0x00,/*"{",91*/
/* (10 X 20 , Maple Mono NF CN )*/

0x00,0x00,0x00,0x00,0x00,0x00,0x0C,0x00,0x0C,0x00,0x0C,0x00,0x0C,0x00,0x0C,0x00,
0x0C,0x00,0x0C,0x00,0x0C,0x00,0x0C,0x00,0x0C,0x00,0x0C,0x00,0x0C,0x00,0x0C,0x00,
0x0C,0x00,0x00,0x00,0x00,0x00,0x00,0x00,/*"|",92*/
/* (10 X 20 , Maple Mono NF CN )*/

0x00,0x00,0x00,0x00,0x78,0x00,0x1C,0x00,0x04,0x00,0x04,0x00,0x0C,0x00,0x0C,0x00,
0x04,0x00,0x03,0x80,0x04,0x00,0x0C,0x00,0x0C,0x00,0x0C,0x00,0x04,0x00,0x0C,0x00,
0x78,0x00,0x00,0x00,0x00,0x00,0x00,0x00,/*"}",93*/
/* (10 X 20 , Maple Mono NF CN )*/

0x00,0x00,0x00,0x00,0x00,0x00,0x00,0x00,0x00,0x00,0x00,0x00,0x00,0x00,0x00,0x00,
0x39,0x80,0x7D,0x80,0x67,0x80,0x00,0x00,0x00,0x00,0x00,0x00,0x00,0x00,0x00,0x00,
0x00,0x00,0x00,0x00,0x00,0x00,0x00,0x00,/*"~",94*/
/* (10 X 20 , Maple Mono NF CN )*/
};


// !"#$%&'()*+,-./0123456789:;<=>?@ABCDEFGHIJKLMNOPQRSTUVWXYZ[\]^_`abcdefghijklmnopqrstuvwxyz{|}~
const uint8_t front_data_24[]={
0x00,0x00,0x00,0x00,0x00,0x00,0x00,0x00,0x00,0x00,0x00,0x00,0x00,0x00,0x00,0x00,
0x00,0x00,0x00,0x00,0x00,0x00,0x00,0x00,0x00,0x00,0x00,0x00,0x00,0x00,0x00,0x00,
0x00,0x00,0x00,0x00,0x00,0x00,0x00,0x00,0x00,0x00,0x00,0x00,0x00,0x00,0x00,0x00,/*" ",0*/
/* (12 X 24 , Maple Mono NF CN )*/

0x00,0x00,0x00,0x00,0x00,0x00,0x00,0x00,0x00,0x00,0x00,0x00,0x06,0x00,0x06,0x00,
0x06,0x00,0x06,0x00,0x06,0x00,0x06,0x00,0x06,0x00,0x06,0x00,0x06,0x00,0x00,0x00,
0x06,0x00,0x07,0x00,0x0E,0x00,0x00,0x00,0x00,0x00,0x00,0x00,0x00,0x00,0x00,0x00,/*"!",1*/
/* (12 X 24 , Maple Mono NF CN )*/

0x00,0x00,0x00,0x00,0x00,0x00,0x00,0x00,0x00,0x00,0x19,0x80,0x19,0x80,0x19,0x80,
0x19,0x80,0x19,0x80,0x19,0x80,0x00,0x00,0x00,0x00,0x00,0x00,0x00,0x00,0x00,0x00,
0x00,0x00,0x00,0x00,0x00,0x00,0x00,0x00,0x00,0x00,0x00,0x00,0x00,0x00,0x00,0x00,/*""",2*/
/* (12 X 24 , Maple Mono NF CN )*/

0x00,0x00,0x00,0x00,0x00,0x00,0x00,0x00,0x00,0x00,0x00,0x00,0x18,0xC0,0x18,0xC0,
0x18,0x80,0x7F,0xE0,0x7F,0xE0,0x19,0x80,0x19,0x80,0x19,0x80,0x7F,0xE0,0x7F,0xE0,
0x31,0x80,0x31,0x80,0x31,0x00,0x00,0x00,0x00,0x00,0x00,0x00,0x00,0x00,0x00,0x00,/*"#",3*/
/* (12 X 24 , Maple Mono NF CN )*/

0x00,0x00,0x00,0x00,0x00,0x00,0x00,0x00,0x06,0x00,0x06,0x00,0x16,0x80,0x36,0xC0,
0x66,0x60,0x66,0x00,0x32,0x00,0x3E,0x00,0x0F,0x80,0x00,0xC0,0x06,0x60,0x26,0x60,
0x66,0x60,0x36,0xC0,0x16,0x80,0x06,0x00,0x06,0x00,0x00,0x00,0x00,0x00,0x00,0x00,/*"$",4*/
/* (12 X 24 , Maple Mono NF CN )*/

0x00,0x00,0x00,0x00,0x00,0x00,0x00,0x00,0x00,0x00,0x00,0x00,0x7C,0x20,0x6C,0x60,
0x46,0x60,0x46,0xC0,0x6D,0x80,0x7C,0x80,0x00,0x00,0x1B,0xE0,0x1B,0x60,0x36,0x20,
0x66,0x20,0x63,0x60,0x03,0xC0,0x00,0x00,0x00,0x00,0x00,0x00,0x00,0x00,0x00,0x00,/*"%",5*/
/* (12 X 24 , Maple Mono NF CN )*/

0x00,0x00,0x00,0x00,0x00,0x00,0x00,0x00,0x00,0x00,0x00,0x00,0x1F,0x00,0x33,0x80,
0x31,0x80,0x30,0x00,0x38,0x00,0x1C,0x00,0x2E,0x60,0x76,0x60,0x63,0x60,0x60,0xC0,
0x60,0xC0,0x33,0xA0,0x3F,0x70,0x00,0x00,0x00,0x00,0x00,0x00,0x00,0x00,0x00,0x00,/*"&",6*/
/* (12 X 24 , Maple Mono NF CN )*/

0x00,0x00,0x00,0x00,0x00,0x00,0x00,0x00,0x00,0x00,0x06,0x00,0x06,0x00,0x06,0x00,
0x06,0x00,0x06,0x00,0x06,0x00,0x00,0x00,0x00,0x00,0x00,0x00,0x00,0x00,0x00,0x00,
0x00,0x00,0x00,0x00,0x00,0x00,0x00,0x00,0x00,0x00,0x00,0x00,0x00,0x00,0x00,0x00,/*"'",7*/
/* (12 X 24 , Maple Mono NF CN )*/

0x00,0x00,0x00,0x00,0x00,0x00,0x00,0x00,0x01,0x80,0x03,0x00,0x06,0x00,0x0C,0x00,
0x0C,0x00,0x18,0x00,0x18,0x00,0x18,0x00,0x18,0x00,0x18,0x00,0x18,0x00,0x18,0x00,
0x1C,0x00,0x0C,0x00,0x0E,0x00,0x07,0x00,0x03,0x80,0x01,0x80,0x00,0x00,0x00,0x00,/*"(",8*/
/* (12 X 24 , Maple Mono NF CN )*/

0x00,0x00,0x00,0x00,0x00,0x00,0x00,0x00,0x18,0x00,0x0C,0x00,0x06,0x00,0x07,0x00,
0x03,0x00,0x01,0x80,0x01,0x80,0x01,0x80,0x01,0x80,0x01,0x80,0x01,0x80,0x01,0x80,
0x03,0x00,0x03,0x00,0x06,0x00,0x0E,0x00,0x1C,0x00,0x18,0x00,0x00,0x00,0x00,0x00,/*")",9*/
/* (12 X 24 , Maple Mono NF CN )*/

0x00,0x00,0x00,0x00,0x00,0x00,0x00,0x00,0x00,0x00,0x00,0x00,0x00,0x00,0x00,0x00,
0x06,0x00,0x06,0x00,0x26,0x40,0x7F,0xE0,0x1F,0x80,0x1F,0x80,0x3F,0xC0,0x66,0x60,
0x06,0x00,0x06,0x00,0x00,0x00,0x00,0x00,0x00,0x00,0x00,0x00,0x00,0x00,0x00,0x00,/*"*",10*/
/* (12 X 24 , Maple Mono NF CN )*/

0x00,0x00,0x00,0x00,0x00,0x00,0x00,0x00,0x00,0x00,0x00,0x00,0x00,0x00,0x00,0x00,
0x00,0x00,0x06,0x00,0x06,0x00,0x06,0x00,0x7F,0xE0,0x7F,0xE0,0x06,0x00,0x06,0x00,
0x06,0x00,0x00,0x00,0x00,0x00,0x00,0x00,0x00,0x00,0x00,0x00,0x00,0x00,0x00,0x00,/*"+",11*/
/* (12 X 24 , Maple Mono NF CN )*/

0x00,0x00,0x00,0x00,0x00,0x00,0x00,0x00,0x00,0x00,0x00,0x00,0x00,0x00,0x00,0x00,
0x00,0x00,0x00,0x00,0x00,0x00,0x00,0x00,0x00,0x00,0x00,0x00,0x00,0x00,0x00,0x00,
0x06,0x00,0x0F,0x00,0x0F,0x00,0x03,0x00,0x02,0x00,0x0E,0x00,0x38,0x00,0x00,0x00,/*",",12*/
/* (12 X 24 , Maple Mono NF CN )*/

0x00,0x00,0x00,0x00,0x00,0x00,0x00,0x00,0x00,0x00,0x00,0x00,0x00,0x00,0x00,0x00,
0x00,0x00,0x00,0x00,0x00,0x00,0x00,0x00,0x3F,0xC0,0x7F,0xE0,0x00,0x00,0x00,0x00,
0x00,0x00,0x00,0x00,0x00,0x00,0x00,0x00,0x00,0x00,0x00,0x00,0x00,0x00,0x00,0x00,/*"-",13*/
/* (12 X 24 , Maple Mono NF CN )*/

0x00,0x00,0x00,0x00,0x00,0x00,0x00,0x00,0x00,0x00,0x00,0x00,0x00,0x00,0x00,0x00,
0x00,0x00,0x00,0x00,0x00,0x00,0x00,0x00,0x00,0x00,0x00,0x00,0x00,0x00,0x00,0x00,
0x06,0x00,0x0F,0x00,0x06,0x00,0x00,0x00,0x00,0x00,0x00,0x00,0x00,0x00,0x00,0x00,/*".",14*/
/* (12 X 24 , Maple Mono NF CN )*/

0x00,0x00,0x00,0x00,0x00,0x00,0x00,0x00,0x00,0xC0,0x00,0xC0,0x00,0x80,0x01,0x80,
0x01,0x80,0x03,0x00,0x03,0x00,0x02,0x00,0x06,0x00,0x06,0x00,0x0C,0x00,0x0C,0x00,
0x18,0x00,0x18,0x00,0x18,0x00,0x30,0x00,0x30,0x00,0x00,0x00,0x00,0x00,0x00,0x00,/*"/",15*/
/* (12 X 24 , Maple Mono NF CN )*/

0x00,0x00,0x00,0x00,0x00,0x00,0x00,0x00,0x00,0x00,0x00,0x00,0x1F,0x80,0x39,0xC0,
0x30,0xC0,0x20,0xC0,0x61,0xE0,0x63,0xE0,0x6E,0x60,0x7C,0x60,0x78,0x60,0x30,0xC0,
0x30,0xC0,0x19,0x80,0x0F,0x00,0x00,0x00,0x00,0x00,0x00,0x00,0x00,0x00,0x00,0x00,/*"0",16*/
/* (12 X 24 , Maple Mono NF CN )*/

0x00,0x00,0x00,0x00,0x00,0x00,0x00,0x00,0x00,0x00,0x00,0x00,0x0E,0x00,0x1F,0x00,
0x33,0x00,0x23,0x00,0x03,0x00,0x03,0x00,0x03,0x00,0x03,0x00,0x03,0x00,0x03,0x00,
0x03,0x00,0x3F,0xE0,0x3F,0xE0,0x00,0x00,0x00,0x00,0x00,0x00,0x00,0x00,0x00,0x00,/*"1",17*/
/* (12 X 24 , Maple Mono NF CN )*/

0x00,0x00,0x00,0x00,0x00,0x00,0x00,0x00,0x00,0x00,0x00,0x00,0x3F,0x80,0x31,0xC0,
0x00,0xC0,0x00,0x40,0x00,0xC0,0x00,0xC0,0x01,0x80,0x03,0x00,0x06,0x00,0x0C,0x00,
0x38,0x00,0x3F,0xC0,0x3F,0xE0,0x00,0x00,0x00,0x00,0x00,0x00,0x00,0x00,0x00,0x00,/*"2",18*/
/* (12 X 24 , Maple Mono NF CN )*/

0x00,0x00,0x00,0x00,0x00,0x00,0x00,0x00,0x00,0x00,0x00,0x00,0x3F,0x00,0x31,0x80,
0x00,0xC0,0x00,0xC0,0x01,0x80,0x1F,0x80,0x1F,0x80,0x00,0xC0,0x00,0x40,0x00,0x40,
0x00,0xC0,0x7B,0xC0,0x3F,0x80,0x00,0x00,0x00,0x00,0x00,0x00,0x00,0x00,0x00,0x00,/*"3",19*/
/* (12 X 24 , Maple Mono NF CN )*/

0x00,0x00,0x00,0x00,0x00,0x00,0x00,0x00,0x00,0x00,0x00,0x00,0x01,0x80,0x03,0x80,
0x07,0x80,0x07,0x80,0x0D,0x80,0x19,0x80,0x19,0x80,0x31,0x80,0x7F,0xE0,0x7F,0xE0,
0x01,0x80,0x01,0x80,0x01,0x80,0x00,0x00,0x00,0x00,0x00,0x00,0x00,0x00,0x00,0x00,/*"4",20*/
/* (12 X 24 , Maple Mono NF CN )*/

0x00,0x00,0x00,0x00,0x00,0x00,0x00,0x00,0x00,0x00,0x00,0x00,0x3F,0xC0,0x38,0x00,
0x30,0x00,0x30,0x00,0x30,0x00,0x3F,0x00,0x1F,0xC0,0x00,0xC0,0x00,0x40,0x00,0x40,
0x00,0xC0,0x7B,0xC0,0x3F,0x80,0x00,0x00,0x00,0x00,0x00,0x00,0x00,0x00,0x00,0x00,/*"5",21*/
/* (12 X 24 , Maple Mono NF CN )*/

0x00,0x00,0x00,0x00,0x00,0x00,0x00,0x00,0x00,0x00,0x00,0x00,0x03,0x00,0x0E,0x00,
0x0C,0x00,0x18,0x00,0x30,0x00,0x2F,0x80,0x39,0xC0,0x70,0xE0,0x60,0x60,0x60,0x60,
0x30,0xC0,0x39,0xC0,0x1F,0x80,0x00,0x00,0x00,0x00,0x00,0x00,0x00,0x00,0x00,0x00,/*"6",22*/
/* (12 X 24 , Maple Mono NF CN )*/

0x00,0x00,0x00,0x00,0x00,0x00,0x00,0x00,0x00,0x00,0x00,0x00,0x7F,0xC0,0x00,0xE0,
0x00,0xC0,0x00,0xC0,0x01,0x80,0x01,0x80,0x03,0x00,0x03,0x00,0x06,0x00,0x06,0x00,
0x06,0x00,0x0C,0x00,0x0C,0x00,0x00,0x00,0x00,0x00,0x00,0x00,0x00,0x00,0x00,0x00,/*"7",23*/
/* (12 X 24 , Maple Mono NF CN )*/

0x00,0x00,0x00,0x00,0x00,0x00,0x00,0x00,0x00,0x00,0x00,0x00,0x1F,0x80,0x39,0xC0,
0x30,0xC0,0x30,0xC0,0x30,0xC0,0x1F,0x80,0x1F,0x80,0x30,0xC0,0x60,0x60,0x60,0x60,
0x70,0xE0,0x39,0xC0,0x1F,0x80,0x00,0x00,0x00,0x00,0x00,0x00,0x00,0x00,0x00,0x00,/*"8",24*/
/* (12 X 24 , Maple Mono NF CN )*/

0x00,0x00,0x00,0x00,0x00,0x00,0x00,0x00,0x00,0x00,0x00,0x00,0x1F,0x80,0x39,0xC0,
0x70,0xE0,0x60,0x60,0x60,0x60,0x30,0xE0,0x3F,0xC0,0x1F,0xC0,0x00,0xC0,0x01,0x80,
0x03,0x00,0x06,0x00,0x0C,0x00,0x00,0x00,0x00,0x00,0x00,0x00,0x00,0x00,0x00,0x00,/*"9",25*/
/* (12 X 24 , Maple Mono NF CN )*/

0x00,0x00,0x00,0x00,0x00,0x00,0x00,0x00,0x00,0x00,0x00,0x00,0x00,0x00,0x00,0x00,
0x00,0x00,0x04,0x00,0x0F,0x00,0x0F,0x00,0x04,0x00,0x00,0x00,0x00,0x00,0x00,0x00,
0x06,0x00,0x0F,0x00,0x06,0x00,0x00,0x00,0x00,0x00,0x00,0x00,0x00,0x00,0x00,0x00,/*":",26*/
/* (12 X 24 , Maple Mono NF CN )*/

0x00,0x00,0x00,0x00,0x00,0x00,0x00,0x00,0x00,0x00,0x00,0x00,0x00,0x00,0x00,0x00,
0x00,0x00,0x04,0x00,0x0F,0x00,0x0F,0x00,0x04,0x00,0x00,0x00,0x00,0x00,0x00,0x00,
0x06,0x00,0x0F,0x00,0x0F,0x00,0x03,0x00,0x02,0x00,0x0E,0x00,0x38,0x00,0x00,0x00,/*";",27*/
/* (12 X 24 , Maple Mono NF CN )*/

0x00,0x00,0x00,0x00,0x00,0x00,0x00,0x00,0x00,0x00,0x00,0x00,0x00,0x00,0x00,0x00,
0x00,0x00,0x00,0xC0,0x07,0xC0,0x1F,0x00,0x38,0x00,0x38,0x00,0x1E,0x00,0x07,0xC0,
0x01,0xC0,0x00,0x00,0x00,0x00,0x00,0x00,0x00,0x00,0x00,0x00,0x00,0x00,0x00,0x00,/*"<",28*/
/* (12 X 24 , Maple Mono NF CN )*/

0x00,0x00,0x00,0x00,0x00,0x00,0x00,0x00,0x00,0x00,0x00,0x00,0x00,0x00,0x00,0x00,
0x00,0x00,0x00,0x00,0x3F,0xC0,0x7F,0xE0,0x00,0x00,0x00,0x00,0x3F,0xC0,0x7F,0xE0,
0x00,0x00,0x00,0x00,0x00,0x00,0x00,0x00,0x00,0x00,0x00,0x00,0x00,0x00,0x00,0x00,/*"=",29*/
/* (12 X 24 , Maple Mono NF CN )*/

0x00,0x00,0x00,0x00,0x00,0x00,0x00,0x00,0x00,0x00,0x00,0x00,0x00,0x00,0x00,0x00,
0x00,0x00,0x30,0x00,0x3E,0x00,0x0F,0x80,0x01,0xC0,0x01,0xC0,0x07,0x80,0x3E,0x00,
0x38,0x00,0x00,0x00,0x00,0x00,0x00,0x00,0x00,0x00,0x00,0x00,0x00,0x00,0x00,0x00,/*">",30*/
/* (12 X 24 , Maple Mono NF CN )*/

0x00,0x00,0x00,0x00,0x00,0x00,0x00,0x00,0x00,0x00,0x00,0x00,0x1F,0x80,0x38,0xC0,
0x30,0xC0,0x00,0x40,0x00,0xC0,0x03,0x80,0x07,0x00,0x06,0x00,0x06,0x00,0x00,0x00,
0x06,0x00,0x07,0x00,0x0E,0x00,0x00,0x00,0x00,0x00,0x00,0x00,0x00,0x00,0x00,0x00,/*"?",31*/
/* (12 X 24 , Maple Mono NF CN )*/

0x00,0x00,0x00,0x00,0x00,0x00,0x00,0x00,0x00,0x00,0x00,0x00,0x00,0x00,0x7F,0x80,
0xE1,0xC0,0x40,0xC0,0x00,0x60,0x3C,0x60,0x36,0x60,0x66,0x20,0x66,0x20,0x66,0x00,
0x62,0x00,0x63,0x80,0x31,0xE0,0x00,0x00,0x00,0x00,0x00,0x00,0x00,0x00,0x00,0x00,/*"@",32*/
/* (12 X 24 , Maple Mono NF CN )*/

0x00,0x00,0x00,0x00,0x00,0x00,0x00,0x00,0x00,0x00,0x00,0x00,0x06,0x00,0x0F,0x00,
0x0F,0x00,0x09,0x00,0x19,0x80,0x19,0x80,0x19,0x80,0x30,0xC0,0x3F,0xC0,0x3F,0xC0,
0x20,0x40,0x60,0x60,0x60,0x60,0x00,0x00,0x00,0x00,0x00,0x00,0x00,0x00,0x00,0x00,/*"A",33*/
/* (12 X 24 , Maple Mono NF CN )*/

0x00,0x00,0x00,0x00,0x00,0x00,0x00,0x00,0x00,0x00,0x00,0x00,0x3F,0x80,0x33,0xC0,
0x30,0xC0,0x30,0xC0,0x30,0xC0,0x3F,0x80,0x3F,0x80,0x30,0xC0,0x30,0x60,0x30,0x60,
0x30,0xC0,0x3F,0xC0,0x3F,0x80,0x00,0x00,0x00,0x00,0x00,0x00,0x00,0x00,0x00,0x00,/*"B",34*/
/* (12 X 24 , Maple Mono NF CN )*/

0x00,0x00,0x00,0x00,0x00,0x00,0x00,0x00,0x00,0x00,0x00,0x00,0x0F,0xC0,0x1C,0xE0,
0x30,0x20,0x30,0x00,0x60,0x00,0x60,0x00,0x60,0x00,0x60,0x00,0x60,0x00,0x30,0x00,
0x30,0x00,0x1C,0xE0,0x0F,0xC0,0x00,0x00,0x00,0x00,0x00,0x00,0x00,0x00,0x00,0x00,/*"C",35*/
/* (12 X 24 , Maple Mono NF CN )*/

0x00,0x00,0x00,0x00,0x00,0x00,0x00,0x00,0x00,0x00,0x00,0x00,0x3F,0x00,0x33,0x80,
0x30,0xC0,0x30,0xC0,0x30,0x40,0x30,0x60,0x30,0x60,0x30,0x60,0x30,0x40,0x30,0xC0,
0x30,0xC0,0x3F,0x80,0x3F,0x00,0x00,0x00,0x00,0x00,0x00,0x00,0x00,0x00,0x00,0x00,/*"D",36*/
/* (12 X 24 , Maple Mono NF CN )*/

0x00,0x00,0x00,0x00,0x00,0x00,0x00,0x00,0x00,0x00,0x00,0x00,0x3F,0xC0,0x30,0x00,
0x30,0x00,0x30,0x00,0x30,0x00,0x3F,0xC0,0x3F,0xC0,0x30,0x00,0x30,0x00,0x30,0x00,
0x30,0x00,0x3F,0xC0,0x3F,0xC0,0x00,0x00,0x00,0x00,0x00,0x00,0x00,0x00,0x00,0x00,/*"E",37*/
/* (12 X 24 , Maple Mono NF CN )*/

0x00,0x00,0x00,0x00,0x00,0x00,0x00,0x00,0x00,0x00,0x00,0x00,0x3F,0xC0,0x30,0x20,
0x30,0x00,0x30,0x00,0x30,0x00,0x3F,0xC0,0x3F,0xC0,0x30,0x00,0x30,0x00,0x30,0x00,
0x30,0x00,0x30,0x00,0x30,0x00,0x00,0x00,0x00,0x00,0x00,0x00,0x00,0x00,0x00,0x00,/*"F",38*/
/* (12 X 24 , Maple Mono NF CN )*/

0x00,0x00,0x00,0x00,0x00,0x00,0x00,0x00,0x00,0x00,0x00,0x00,0x1F,0x80,0x39,0xC0,
0x30,0xC0,0x60,0x00,0x60,0x00,0x60,0x00,0x63,0xC0,0x63,0xC0,0x60,0x40,0x60,0x40,
0x30,0xC0,0x39,0xC0,0x1F,0x80,0x00,0x00,0x00,0x00,0x00,0x00,0x00,0x00,0x00,0x00,/*"G",39*/
/* (12 X 24 , Maple Mono NF CN )*/

0x00,0x00,0x00,0x00,0x00,0x00,0x00,0x00,0x00,0x00,0x00,0x00,0x30,0xC0,0x30,0xC0,
0x30,0xC0,0x30,0xC0,0x30,0xC0,0x3F,0xC0,0x3F,0xC0,0x30,0xC0,0x30,0xC0,0x30,0xC0,
0x30,0xC0,0x30,0xC0,0x30,0xC0,0x00,0x00,0x00,0x00,0x00,0x00,0x00,0x00,0x00,0x00,/*"H",40*/
/* (12 X 24 , Maple Mono NF CN )*/

0x00,0x00,0x00,0x00,0x00,0x00,0x00,0x00,0x00,0x00,0x00,0x00,0x3F,0xC0,0x06,0x00,
0x06,0x00,0x06,0x00,0x06,0x00,0x06,0x00,0x06,0x00,0x06,0x00,0x06,0x00,0x06,0x00,
0x06,0x00,0x3F,0xC0,0x3F,0xC0,0x00,0x00,0x00,0x00,0x00,0x00,0x00,0x00,0x00,0x00,/*"I",41*/
/* (12 X 24 , Maple Mono NF CN )*/

0x00,0x00,0x00,0x00,0x00,0x00,0x00,0x00,0x00,0x00,0x00,0x00,0x1F,0xC0,0x00,0xC0,
0x00,0xC0,0x00,0xC0,0x00,0xC0,0x00,0xC0,0x00,0xC0,0x00,0xC0,0x00,0xC0,0x60,0xC0,
0x60,0xC0,0x31,0x80,0x1F,0x00,0x00,0x00,0x00,0x00,0x00,0x00,0x00,0x00,0x00,0x00,/*"J",42*/
/* (12 X 24 , Maple Mono NF CN )*/

0x00,0x00,0x00,0x00,0x00,0x00,0x00,0x00,0x00,0x00,0x00,0x00,0x30,0xC0,0x31,0x80,
0x33,0x00,0x36,0x00,0x36,0x00,0x3C,0x00,0x3C,0x00,0x36,0x00,0x33,0x00,0x33,0x80,
0x31,0x80,0x30,0xC0,0x30,0xC0,0x00,0x00,0x00,0x00,0x00,0x00,0x00,0x00,0x00,0x00,/*"K",43*/
/* (12 X 24 , Maple Mono NF CN )*/

0x00,0x00,0x00,0x00,0x00,0x00,0x00,0x00,0x00,0x00,0x00,0x00,0x10,0x00,0x10,0x00,
0x10,0x00,0x10,0x00,0x10,0x00,0x10,0x00,0x10,0x00,0x10,0x00,0x10,0x00,0x10,0x00,
0x10,0x00,0x1F,0xE0,0x1F,0xE0,0x00,0x00,0x00,0x00,0x00,0x00,0x00,0x00,0x00,0x00,/*"L",44*/
/* (12 X 24 , Maple Mono NF CN )*/

0x00,0x00,0x00,0x00,0x00,0x00,0x00,0x00,0x00,0x00,0x00,0x00,0x70,0xE0,0x79,0xE0,
0x79,0xE0,0x69,0x60,0x6F,0x60,0x6F,0x60,0x66,0x60,0x66,0x60,0x60,0x60,0x60,0x60,
0x60,0x60,0x60,0x60,0x60,0x60,0x00,0x00,0x00,0x00,0x00,0x00,0x00,0x00,0x00,0x00,/*"M",45*/
/* (12 X 24 , Maple Mono NF CN )*/

0x00,0x00,0x00,0x00,0x00,0x00,0x00,0x00,0x00,0x00,0x00,0x00,0x30,0x40,0x38,0x40,
0x28,0x40,0x2C,0x40,0x2C,0x40,0x26,0x40,0x26,0x40,0x22,0x40,0x23,0x40,0x23,0x40,
0x21,0xC0,0x21,0xC0,0x20,0xC0,0x00,0x00,0x00,0x00,0x00,0x00,0x00,0x00,0x00,0x00,/*"N",46*/
/* (12 X 24 , Maple Mono NF CN )*/

0x00,0x00,0x00,0x00,0x00,0x00,0x00,0x00,0x00,0x00,0x00,0x00,0x1F,0x80,0x39,0xC0,
0x30,0xC0,0x20,0x40,0x60,0x60,0x60,0x60,0x60,0x60,0x60,0x60,0x60,0x60,0x30,0xC0,
0x30,0xC0,0x19,0x80,0x0F,0x00,0x00,0x00,0x00,0x00,0x00,0x00,0x00,0x00,0x00,0x00,/*"O",47*/
/* (12 X 24 , Maple Mono NF CN )*/

0x00,0x00,0x00,0x00,0x00,0x00,0x00,0x00,0x00,0x00,0x00,0x00,0x3F,0x80,0x31,0xC0,
0x30,0x60,0x30,0x60,0x30,0x60,0x31,0xC0,0x3F,0x80,0x30,0x00,0x30,0x00,0x30,0x00,
0x30,0x00,0x30,0x00,0x30,0x00,0x00,0x00,0x00,0x00,0x00,0x00,0x00,0x00,0x00,0x00,/*"P",48*/
/* (12 X 24 , Maple Mono NF CN )*/

0x00,0x00,0x00,0x00,0x00,0x00,0x00,0x00,0x00,0x00,0x00,0x00,0x1F,0x80,0x39,0xC0,
0x30,0xC0,0x20,0x40,0x60,0x60,0x60,0x60,0x60,0x60,0x60,0x60,0x60,0x60,0x30,0xC0,
0x30,0xC0,0x19,0x80,0x0F,0x00,0x00,0x00,0x03,0x00,0x07,0xE0,0x00,0x40,0x00,0x00,/*"Q",49*/
/* (12 X 24 , Maple Mono NF CN )*/

0x00,0x00,0x00,0x00,0x00,0x00,0x00,0x00,0x00,0x00,0x00,0x00,0x3F,0x80,0x31,0xC0,
0x30,0x60,0x30,0x60,0x30,0x60,0x31,0xC0,0x3F,0x80,0x33,0x00,0x31,0x80,0x31,0x80,
0x30,0xC0,0x30,0xC0,0x30,0x60,0x00,0x00,0x00,0x00,0x00,0x00,0x00,0x00,0x00,0x00,/*"R",50*/
/* (12 X 24 , Maple Mono NF CN )*/

0x00,0x00,0x00,0x00,0x00,0x00,0x00,0x00,0x00,0x00,0x00,0x00,0x1F,0x80,0x39,0xC0,
0x30,0xC0,0x30,0x00,0x30,0x00,0x1E,0x00,0x0F,0x80,0x00,0xC0,0x00,0x40,0x20,0x60,
0x70,0xC0,0x39,0xC0,0x1F,0x80,0x00,0x00,0x00,0x00,0x00,0x00,0x00,0x00,0x00,0x00,/*"S",51*/
/* (12 X 24 , Maple Mono NF CN )*/

0x00,0x00,0x00,0x00,0x00,0x00,0x00,0x00,0x00,0x00,0x00,0x00,0x7F,0xE0,0x06,0x00,
0x06,0x00,0x06,0x00,0x06,0x00,0x06,0x00,0x06,0x00,0x06,0x00,0x06,0x00,0x06,0x00,
0x06,0x00,0x06,0x00,0x06,0x00,0x00,0x00,0x00,0x00,0x00,0x00,0x00,0x00,0x00,0x00,/*"T",52*/
/* (12 X 24 , Maple Mono NF CN )*/

0x00,0x00,0x00,0x00,0x00,0x00,0x00,0x00,0x00,0x00,0x00,0x00,0x30,0xC0,0x30,0xC0,
0x30,0xC0,0x30,0xC0,0x30,0xC0,0x30,0xC0,0x30,0xC0,0x30,0xC0,0x30,0xC0,0x30,0xC0,
0x30,0xC0,0x39,0xC0,0x1F,0x80,0x00,0x00,0x00,0x00,0x00,0x00,0x00,0x00,0x00,0x00,/*"U",53*/
/* (12 X 24 , Maple Mono NF CN )*/

0x00,0x00,0x00,0x00,0x00,0x00,0x00,0x00,0x00,0x00,0x00,0x00,0x60,0x60,0x20,0x40,
0x30,0xC0,0x30,0xC0,0x30,0xC0,0x19,0x80,0x19,0x80,0x19,0x80,0x09,0x00,0x0F,0x00,
0x0F,0x00,0x0F,0x00,0x06,0x00,0x00,0x00,0x00,0x00,0x00,0x00,0x00,0x00,0x00,0x00,/*"V",54*/
/* (12 X 24 , Maple Mono NF CN )*/

0x00,0x00,0x00,0x00,0x00,0x00,0x00,0x00,0x00,0x00,0x00,0x00,0x60,0x60,0x60,0x60,
0x60,0x60,0x66,0x60,0x66,0x60,0x66,0x60,0x6F,0x60,0x6F,0x60,0x29,0x40,0x29,0x40,
0x29,0x40,0x39,0xC0,0x39,0xC0,0x00,0x00,0x00,0x00,0x00,0x00,0x00,0x00,0x00,0x00,/*"W",55*/
/* (12 X 24 , Maple Mono NF CN )*/

0x00,0x00,0x00,0x00,0x00,0x00,0x00,0x00,0x00,0x00,0x00,0x00,0x60,0x60,0x30,0xC0,
0x19,0x80,0x19,0x80,0x0F,0x00,0x06,0x00,0x06,0x00,0x0F,0x00,0x0F,0x00,0x19,0x80,
0x30,0xC0,0x30,0xC0,0x60,0x60,0x00,0x00,0x00,0x00,0x00,0x00,0x00,0x00,0x00,0x00,/*"X",56*/
/* (12 X 24 , Maple Mono NF CN )*/

0x00,0x00,0x00,0x00,0x00,0x00,0x00,0x00,0x00,0x00,0x00,0x00,0x60,0x60,0x20,0x40,
0x30,0xC0,0x19,0x80,0x19,0x80,0x0F,0x00,0x0F,0x00,0x06,0x00,0x06,0x00,0x06,0x00,
0x06,0x00,0x06,0x00,0x06,0x00,0x00,0x00,0x00,0x00,0x00,0x00,0x00,0x00,0x00,0x00,/*"Y",57*/
/* (12 X 24 , Maple Mono NF CN )*/

0x00,0x00,0x00,0x00,0x00,0x00,0x00,0x00,0x00,0x00,0x00,0x00,0x3F,0xC0,0x00,0xC0,
0x01,0x80,0x01,0x80,0x03,0x00,0x07,0x00,0x06,0x00,0x0C,0x00,0x0C,0x00,0x18,0x00,
0x30,0x00,0x3F,0xC0,0x3F,0xC0,0x00,0x00,0x00,0x00,0x00,0x00,0x00,0x00,0x00,0x00,/*"Z",58*/
/* (12 X 24 , Maple Mono NF CN )*/

0x00,0x00,0x00,0x00,0x00,0x00,0x0F,0x80,0x1F,0x80,0x18,0x00,0x18,0x00,0x18,0x00,
0x18,0x00,0x18,0x00,0x18,0x00,0x18,0x00,0x18,0x00,0x18,0x00,0x18,0x00,0x18,0x00,
0x18,0x00,0x18,0x00,0x18,0x00,0x18,0x00,0x1F,0x80,0x1F,0x80,0x00,0x00,0x00,0x00,/*"[",59*/
/* (12 X 24 , Maple Mono NF CN )*/

0x00,0x00,0x00,0x00,0x00,0x00,0x00,0x00,0x30,0x00,0x30,0x00,0x10,0x00,0x18,0x00,
0x18,0x00,0x0C,0x00,0x0C,0x00,0x04,0x00,0x06,0x00,0x06,0x00,0x03,0x00,0x03,0x00,
0x01,0x80,0x01,0x80,0x01,0x80,0x00,0xC0,0x00,0xC0,0x00,0x00,0x00,0x00,0x00,0x00,/*"\",60*/
/* (12 X 24 , Maple Mono NF CN )*/

0x00,0x00,0x00,0x00,0x00,0x00,0x1F,0x00,0x1F,0x80,0x01,0x80,0x01,0x80,0x01,0x80,
0x01,0x80,0x01,0x80,0x01,0x80,0x01,0x80,0x01,0x80,0x01,0x80,0x01,0x80,0x01,0x80,
0x01,0x80,0x01,0x80,0x01,0x80,0x01,0x80,0x1F,0x80,0x1F,0x80,0x00,0x00,0x00,0x00,/*"]",61*/
/* (12 X 24 , Maple Mono NF CN )*/

0x00,0x00,0x00,0x00,0x00,0x00,0x00,0x00,0x00,0x00,0x00,0x00,0x00,0x00,0x06,0x00,
0x0F,0x00,0x0F,0x00,0x19,0x80,0x19,0x80,0x30,0xC0,0x00,0x00,0x00,0x00,0x00,0x00,
0x00,0x00,0x00,0x00,0x00,0x00,0x00,0x00,0x00,0x00,0x00,0x00,0x00,0x00,0x00,0x00,/*"^",62*/
/* (12 X 24 , Maple Mono NF CN )*/

0x00,0x00,0x00,0x00,0x00,0x00,0x00,0x00,0x00,0x00,0x00,0x00,0x00,0x00,0x00,0x00,
0x00,0x00,0x00,0x00,0x00,0x00,0x00,0x00,0x00,0x00,0x00,0x00,0x00,0x00,0x00,0x00,
0x00,0x00,0x00,0x00,0x00,0x00,0x00,0x00,0x3F,0xC0,0x7F,0xE0,0x00,0x00,0x00,0x00,/*"_",63*/
/* (12 X 24 , Maple Mono NF CN )*/

0x00,0x00,0x00,0x00,0x00,0x00,0x00,0x00,0x08,0x00,0x1C,0x00,0x0E,0x00,0x07,0x00,
0x01,0x80,0x00,0x00,0x00,0x00,0x00,0x00,0x00,0x00,0x00,0x00,0x00,0x00,0x00,0x00,
0x00,0x00,0x00,0x00,0x00,0x00,0x00,0x00,0x00,0x00,0x00,0x00,0x00,0x00,0x00,0x00,/*"`",64*/
/* (12 X 24 , Maple Mono NF CN )*/

0x00,0x00,0x00,0x00,0x00,0x00,0x00,0x00,0x00,0x00,0x00,0x00,0x00,0x00,0x00,0x00,
0x00,0x00,0x0F,0xC0,0x1F,0xC0,0x30,0xC0,0x30,0xC0,0x20,0xC0,0x60,0xC0,0x60,0xC0,
0x21,0xC0,0x33,0xC0,0x1E,0x40,0x00,0x00,0x00,0x00,0x00,0x00,0x00,0x00,0x00,0x00,/*"a",65*/
/* (12 X 24 , Maple Mono NF CN )*/

0x00,0x00,0x00,0x00,0x00,0x00,0x00,0x00,0x00,0x00,0x00,0x00,0x30,0x00,0x30,0x00,
0x30,0x00,0x3F,0x80,0x3F,0xC0,0x30,0xC0,0x30,0xC0,0x30,0x40,0x30,0x40,0x30,0x40,
0x30,0xC0,0x3D,0xC0,0x37,0x80,0x00,0x00,0x00,0x00,0x00,0x00,0x00,0x00,0x00,0x00,/*"b",66*/
/* (12 X 24 , Maple Mono NF CN )*/

0x00,0x00,0x00,0x00,0x00,0x00,0x00,0x00,0x00,0x00,0x00,0x00,0x00,0x00,0x00,0x00,
0x00,0x00,0x0F,0x80,0x1F,0xC0,0x30,0x40,0x30,0x00,0x20,0x00,0x20,0x00,0x30,0x00,
0x30,0x00,0x1D,0xC0,0x0F,0xC0,0x00,0x00,0x00,0x00,0x00,0x00,0x00,0x00,0x00,0x00,/*"c",67*/
/* (12 X 24 , Maple Mono NF CN )*/

0x00,0x00,0x00,0x00,0x00,0x00,0x00,0x00,0x00,0x00,0x00,0x00,0x00,0xC0,0x00,0xC0,
0x00,0xC0,0x1F,0xC0,0x3F,0xC0,0x30,0xC0,0x30,0xC0,0x20,0xC0,0x20,0xC0,0x20,0xC0,
0x30,0xC0,0x3B,0xC0,0x1E,0xC0,0x00,0x00,0x00,0x00,0x00,0x00,0x00,0x00,0x00,0x00,/*"d",68*/
/* (12 X 24 , Maple Mono NF CN )*/

0x00,0x00,0x00,0x00,0x00,0x00,0x00,0x00,0x00,0x00,0x00,0x00,0x00,0x00,0x00,0x00,
0x00,0x00,0x0F,0x80,0x3F,0xC0,0x30,0xC0,0x20,0xC0,0x7F,0xC0,0x7F,0xC0,0x20,0x00,
0x30,0x00,0x1D,0xC0,0x0F,0x80,0x00,0x00,0x00,0x00,0x00,0x00,0x00,0x00,0x00,0x00,/*"e",69*/
/* (12 X 24 , Maple Mono NF CN )*/

0x00,0x00,0x00,0x00,0x00,0x00,0x00,0x00,0x00,0x00,0x00,0x00,0x07,0xE0,0x06,0x00,
0x0C,0x00,0x0C,0x00,0x0C,0x00,0x7F,0xE0,0x0C,0x00,0x0C,0x00,0x0C,0x00,0x0C,0x00,
0x0C,0x00,0x0C,0x00,0x0C,0x00,0x00,0x00,0x00,0x00,0x00,0x00,0x00,0x00,0x00,0x00,/*"f",70*/
/* (12 X 24 , Maple Mono NF CN )*/

0x00,0x00,0x00,0x00,0x00,0x00,0x00,0x00,0x00,0x00,0x00,0x00,0x00,0x00,0x00,0x00,
0x00,0x00,0x1F,0xC0,0x3B,0xC0,0x30,0xC0,0x30,0xC0,0x20,0xC0,0x20,0xC0,0x30,0xC0,
0x30,0xC0,0x1F,0xC0,0x0E,0xC0,0x00,0xC0,0x20,0xC0,0x39,0xC0,0x1F,0x80,0x00,0x00,/*"g",71*/
/* (12 X 24 , Maple Mono NF CN )*/

0x00,0x00,0x00,0x00,0x00,0x00,0x00,0x00,0x00,0x00,0x00,0x00,0x30,0x00,0x30,0x00,
0x30,0x00,0x37,0x80,0x3D,0xC0,0x30,0xC0,0x30,0xC0,0x30,0xC0,0x30,0xC0,0x30,0xC0,
0x30,0xC0,0x30,0xC0,0x30,0xC0,0x00,0x00,0x00,0x00,0x00,0x00,0x00,0x00,0x00,0x00,/*"h",72*/
/* (12 X 24 , Maple Mono NF CN )*/

0x00,0x00,0x00,0x00,0x00,0x00,0x00,0x00,0x00,0x00,0x02,0x00,0x07,0x00,0x02,0x00,
0x00,0x00,0x1C,0x00,0x3E,0x00,0x02,0x00,0x02,0x00,0x02,0x00,0x02,0x00,0x02,0x00,
0x02,0x00,0x3F,0xE0,0x3F,0xE0,0x00,0x00,0x00,0x00,0x00,0x00,0x00,0x00,0x00,0x00,/*"i",73*/
/* (12 X 24 , Maple Mono NF CN )*/

0x00,0x00,0x00,0x00,0x00,0x00,0x00,0x00,0x00,0x00,0x01,0x00,0x03,0x80,0x01,0x00,
0x00,0x00,0x1F,0x00,0x1F,0x80,0x01,0x80,0x01,0x80,0x01,0x80,0x01,0x80,0x01,0x80,
0x01,0x80,0x01,0x80,0x01,0x80,0x01,0x80,0x61,0x80,0x73,0x00,0x3E,0x00,0x00,0x00,/*"j",74*/
/* (12 X 24 , Maple Mono NF CN )*/

0x00,0x00,0x00,0x00,0x00,0x00,0x00,0x00,0x00,0x00,0x00,0x00,0x30,0x00,0x30,0x00,
0x30,0x00,0x30,0xC0,0x31,0x80,0x33,0x00,0x36,0x00,0x3E,0x00,0x3B,0x00,0x31,0x80,
0x31,0x80,0x30,0xC0,0x30,0xE0,0x00,0x00,0x00,0x00,0x00,0x00,0x00,0x00,0x00,0x00,/*"k",75*/
/* (12 X 24 , Maple Mono NF CN )*/

0x00,0x00,0x00,0x00,0x00,0x00,0x00,0x00,0x00,0x00,0x00,0x00,0x7C,0x00,0x0C,0x00,
0x0C,0x00,0x0C,0x00,0x0C,0x00,0x0C,0x00,0x0C,0x00,0x0C,0x00,0x0C,0x00,0x0C,0x00,
0x0C,0x00,0x06,0x60,0x03,0xE0,0x00,0x00,0x00,0x00,0x00,0x00,0x00,0x00,0x00,0x00,/*"l",76*/
/* (12 X 24 , Maple Mono NF CN )*/

0x00,0x00,0x00,0x00,0x00,0x00,0x00,0x00,0x00,0x00,0x00,0x00,0x00,0x00,0x00,0x00,
0x00,0x00,0x7D,0xC0,0x66,0x60,0x66,0x60,0x66,0x60,0x66,0x60,0x66,0x60,0x66,0x60,
0x66,0x60,0x66,0x60,0x66,0x60,0x00,0x00,0x00,0x00,0x00,0x00,0x00,0x00,0x00,0x00,/*"m",77*/
/* (12 X 24 , Maple Mono NF CN )*/

0x00,0x00,0x00,0x00,0x00,0x00,0x00,0x00,0x00,0x00,0x00,0x00,0x00,0x00,0x00,0x00,
0x00,0x00,0x37,0x80,0x3D,0xC0,0x30,0xC0,0x30,0xC0,0x30,0xC0,0x30,0xC0,0x30,0xC0,
0x30,0xC0,0x30,0xC0,0x30,0xC0,0x00,0x00,0x00,0x00,0x00,0x00,0x00,0x00,0x00,0x00,/*"n",78*/
/* (12 X 24 , Maple Mono NF CN )*/

0x00,0x00,0x00,0x00,0x00,0x00,0x00,0x00,0x00,0x00,0x00,0x00,0x00,0x00,0x00,0x00,
0x00,0x00,0x0F,0x00,0x3F,0xC0,0x30,0xC0,0x20,0x40,0x20,0x40,0x60,0x60,0x20,0x40,
0x30,0xC0,0x39,0xC0,0x1F,0x80,0x00,0x00,0x00,0x00,0x00,0x00,0x00,0x00,0x00,0x00,/*"o",79*/
/* (12 X 24 , Maple Mono NF CN )*/

0x00,0x00,0x00,0x00,0x00,0x00,0x00,0x00,0x00,0x00,0x00,0x00,0x00,0x00,0x00,0x00,
0x00,0x00,0x37,0x80,0x3F,0xC0,0x30,0xC0,0x30,0x40,0x30,0x40,0x30,0x40,0x30,0xC0,
0x30,0xC0,0x3D,0xC0,0x3F,0x80,0x30,0x00,0x30,0x00,0x30,0x00,0x00,0x00,0x00,0x00,/*"p",80*/
/* (12 X 24 , Maple Mono NF CN )*/

0x00,0x00,0x00,0x00,0x00,0x00,0x00,0x00,0x00,0x00,0x00,0x00,0x00,0x00,0x00,0x00,
0x00,0x00,0x1E,0xC0,0x3F,0xC0,0x30,0xC0,0x30,0xC0,0x20,0xC0,0x20,0xC0,0x30,0xC0,
0x30,0xC0,0x3B,0xC0,0x1F,0xC0,0x00,0xC0,0x00,0xC0,0x00,0xC0,0x00,0x00,0x00,0x00,/*"q",81*/
/* (12 X 24 , Maple Mono NF CN )*/

0x00,0x00,0x00,0x00,0x00,0x00,0x00,0x00,0x00,0x00,0x00,0x00,0x00,0x00,0x00,0x00,
0x00,0x00,0x37,0xC0,0x3F,0xC0,0x30,0x60,0x30,0x60,0x30,0x40,0x30,0x00,0x30,0x00,
0x30,0x00,0x30,0x00,0x30,0x00,0x00,0x00,0x00,0x00,0x00,0x00,0x00,0x00,0x00,0x00,/*"r",82*/
/* (12 X 24 , Maple Mono NF CN )*/

0x00,0x00,0x00,0x00,0x00,0x00,0x00,0x00,0x00,0x00,0x00,0x00,0x00,0x00,0x00,0x00,
0x00,0x00,0x1F,0x80,0x3F,0xC0,0x30,0xC0,0x30,0x00,0x1F,0x00,0x07,0xC0,0x00,0xC0,
0x20,0x40,0x39,0xC0,0x1F,0x80,0x00,0x00,0x00,0x00,0x00,0x00,0x00,0x00,0x00,0x00,/*"s",83*/
/* (12 X 24 , Maple Mono NF CN )*/

0x00,0x00,0x00,0x00,0x00,0x00,0x00,0x00,0x00,0x00,0x00,0x00,0x0C,0x00,0x0C,0x00,
0x0C,0x00,0x7F,0xC0,0x7F,0xC0,0x0C,0x00,0x0C,0x00,0x0C,0x00,0x0C,0x00,0x0C,0x00,
0x0C,0x00,0x06,0xC0,0x07,0xE0,0x00,0x00,0x00,0x00,0x00,0x00,0x00,0x00,0x00,0x00,/*"t",84*/
/* (12 X 24 , Maple Mono NF CN )*/

0x00,0x00,0x00,0x00,0x00,0x00,0x00,0x00,0x00,0x00,0x00,0x00,0x00,0x00,0x00,0x00,
0x00,0x00,0x30,0xC0,0x30,0xC0,0x30,0xC0,0x30,0xC0,0x30,0xC0,0x30,0xC0,0x30,0xC0,
0x30,0xC0,0x39,0xC0,0x1F,0xC0,0x00,0x00,0x00,0x00,0x00,0x00,0x00,0x00,0x00,0x00,/*"u",85*/
/* (12 X 24 , Maple Mono NF CN )*/

0x00,0x00,0x00,0x00,0x00,0x00,0x00,0x00,0x00,0x00,0x00,0x00,0x00,0x00,0x00,0x00,
0x00,0x00,0x60,0x60,0x30,0xC0,0x30,0xC0,0x30,0xC0,0x19,0x80,0x19,0x80,0x0F,0x00,
0x0F,0x00,0x0F,0x00,0x06,0x00,0x00,0x00,0x00,0x00,0x00,0x00,0x00,0x00,0x00,0x00,/*"v",86*/
/* (12 X 24 , Maple Mono NF CN )*/

0x00,0x00,0x00,0x00,0x00,0x00,0x00,0x00,0x00,0x00,0x00,0x00,0x00,0x00,0x00,0x00,
0x00,0x00,0x60,0x60,0x60,0x60,0x66,0x60,0x66,0x60,0x6F,0x60,0x6F,0x60,0x29,0x40,
0x29,0x40,0x39,0xC0,0x39,0xC0,0x00,0x00,0x00,0x00,0x00,0x00,0x00,0x00,0x00,0x00,/*"w",87*/
/* (12 X 24 , Maple Mono NF CN )*/

0x00,0x00,0x00,0x00,0x00,0x00,0x00,0x00,0x00,0x00,0x00,0x00,0x00,0x00,0x00,0x00,
0x00,0x00,0x30,0xC0,0x39,0xC0,0x19,0x80,0x0F,0x00,0x06,0x00,0x0F,0x00,0x0F,0x00,
0x19,0x80,0x30,0xC0,0x30,0xC0,0x00,0x00,0x00,0x00,0x00,0x00,0x00,0x00,0x00,0x00,/*"x",88*/
/* (12 X 24 , Maple Mono NF CN )*/

0x00,0x00,0x00,0x00,0x00,0x00,0x00,0x00,0x00,0x00,0x00,0x00,0x00,0x00,0x00,0x00,
0x00,0x00,0x20,0x60,0x30,0x40,0x30,0xC0,0x10,0xC0,0x19,0x80,0x19,0x80,0x0D,0x80,
0x0F,0x00,0x07,0x00,0x06,0x00,0x06,0x00,0x0C,0x00,0x1C,0x00,0x38,0x00,0x00,0x00,/*"y",89*/
/* (12 X 24 , Maple Mono NF CN )*/

0x00,0x00,0x00,0x00,0x00,0x00,0x00,0x00,0x00,0x00,0x00,0x00,0x00,0x00,0x00,0x00,
0x00,0x00,0x3F,0xC0,0x3F,0xC0,0x01,0x80,0x03,0x00,0x06,0x00,0x0C,0x00,0x08,0x00,
0x18,0x00,0x3F,0xC0,0x3F,0xC0,0x00,0x00,0x00,0x00,0x00,0x00,0x00,0x00,0x00,0x00,/*"z",90*/
/* (12 X 24 , Maple Mono NF CN )*/

0x00,0x00,0x00,0x00,0x00,0x00,0x00,0x40,0x03,0xC0,0x06,0x00,0x04,0x00,0x06,0x00,
0x06,0x00,0x06,0x00,0x06,0x00,0x0C,0x00,0x38,0x00,0x0C,0x00,0x06,0x00,0x06,0x00,
0x06,0x00,0x06,0x00,0x06,0x00,0x06,0x00,0x07,0xC0,0x01,0xC0,0x00,0x00,0x00,0x00,/*"{",91*/
/* (12 X 24 , Maple Mono NF CN )*/

0x00,0x00,0x00,0x00,0x00,0x00,0x00,0x00,0x02,0x00,0x06,0x00,0x06,0x00,0x06,0x00,
0x06,0x00,0x06,0x00,0x06,0x00,0x06,0x00,0x06,0x00,0x06,0x00,0x06,0x00,0x06,0x00,
0x06,0x00,0x06,0x00,0x06,0x00,0x06,0x00,0x06,0x00,0x00,0x00,0x00,0x00,0x00,0x00,/*"|",92*/
/* (12 X 24 , Maple Mono NF CN )*/

0x00,0x00,0x00,0x00,0x00,0x00,0x20,0x00,0x3C,0x00,0x06,0x00,0x02,0x00,0x06,0x00,
0x06,0x00,0x06,0x00,0x06,0x00,0x03,0x00,0x01,0xC0,0x03,0x00,0x06,0x00,0x06,0x00,
0x06,0x00,0x06,0x00,0x02,0x00,0x06,0x00,0x3E,0x00,0x38,0x00,0x00,0x00,0x00,0x00,/*"}",93*/
/* (12 X 24 , Maple Mono NF CN )*/

0x00,0x00,0x00,0x00,0x00,0x00,0x00,0x00,0x00,0x00,0x00,0x00,0x00,0x00,0x00,0x00,
0x00,0x00,0x00,0x00,0x00,0x00,0x3C,0x60,0x7E,0x60,0x67,0xC0,0x21,0x80,0x00,0x00,
0x00,0x00,0x00,0x00,0x00,0x00,0x00,0x00,0x00,0x00,0x00,0x00,0x00,0x00,0x00,0x00,/*"~",94*/
/* (12 X 24 , Maple Mono NF CN )*/

};



//const uint8_t front_data_24[]={
//0x00,0x00,0x00,0x00,0x00,0x00,0x00,0x00,0x00,0x00,0x00,0x00,0x00,0x00,0x00,0x00,
//0x00,0x00,0x00,0x00,0x00,0x00,0x00,0x00,0x00,0x00,0x00,0x00,0x00,0x00,0x00,0x00,
//0x00,0x00,0x00,0x00,0x00,0x00,0x00,0x00,0x00,0x00,0x00,0x00,0x00,0x00,0x00,0x00,/*" ",0*/
///* (12 X 24 , 宋体 )*/

//0x00,0x00,0x00,0x00,0x00,0x00,0x00,0x00,0x06,0x00,0x06,0x00,0x06,0x00,0x06,0x00,
//0x06,0x00,0x06,0x00,0x06,0x00,0x02,0x00,0x04,0x00,0x04,0x00,0x04,0x00,0x00,0x00,
//0x00,0x00,0x00,0x00,0x06,0x00,0x06,0x00,0x06,0x00,0x00,0x00,0x00,0x00,0x00,0x00,/*"!",1*/
///* (12 X 24 , 宋体 )*/

//0x00,0x00,0x00,0x00,0x06,0x60,0x06,0x60,0x0C,0xC0,0x19,0x80,0x11,0x00,0x22,0x00,
//0x00,0x00,0x00,0x00,0x00,0x00,0x00,0x00,0x00,0x00,0x00,0x00,0x00,0x00,0x00,0x00,
//0x00,0x00,0x00,0x00,0x00,0x00,0x00,0x00,0x00,0x00,0x00,0x00,0x00,0x00,0x00,0x00,/*""",2*/
///* (12 X 24 , 宋体 )*/

//0x00,0x00,0x00,0x00,0x00,0x00,0x00,0x00,0x08,0x40,0x08,0x40,0x08,0x40,0x08,0x40,
//0x7F,0xE0,0x7F,0xE0,0x10,0x40,0x10,0x80,0x10,0x80,0x10,0x80,0x10,0x80,0x7F,0xE0,
//0x7F,0xE0,0x20,0x80,0x20,0x80,0x20,0x80,0x20,0x80,0x00,0x00,0x00,0x00,0x00,0x00,/*"#",3*/
///* (12 X 24 , 宋体 )*/

//0x00,0x00,0x00,0x00,0x00,0x00,0x02,0x00,0x02,0x00,0x0F,0x80,0x1A,0xC0,0x32,0xC0,
//0x33,0xC0,0x32,0x00,0x1A,0x00,0x0E,0x00,0x07,0x00,0x03,0x80,0x03,0x80,0x02,0xC0,
//0x32,0xC0,0x3A,0xC0,0x32,0xC0,0x12,0x80,0x0F,0x00,0x02,0x00,0x02,0x00,0x00,0x00,/*"$",4*/
///* (12 X 24 , 宋体 )*/

//0x00,0x00,0x00,0x00,0x00,0x00,0x00,0x00,0x70,0x80,0x50,0x80,0x89,0x00,0x89,0x00,
//0x89,0x00,0x8A,0x00,0x8A,0x00,0x5C,0x00,0x75,0xC0,0x05,0x40,0x0A,0x20,0x0A,0x20,
//0x12,0x20,0x12,0x20,0x12,0x20,0x21,0x40,0x21,0xC0,0x00,0x00,0x00,0x00,0x00,0x00,/*"%",5*/
///* (12 X 24 , 宋体 )*/

//0x00,0x00,0x00,0x00,0x00,0x00,0x00,0x00,0x1C,0x00,0x36,0x00,0x36,0x00,0x36,0x00,
//0x36,0x00,0x36,0x00,0x34,0x00,0x19,0xE0,0x38,0x80,0x58,0x80,0xCC,0x80,0xCC,0x80,
//0xC6,0x80,0xC7,0x00,0xC3,0x10,0x63,0x90,0x3C,0xE0,0x00,0x00,0x00,0x00,0x00,0x00,/*"&",6*/
///* (12 X 24 , 宋体 )*/

//0x00,0x00,0x00,0x00,0x30,0x00,0x38,0x00,0x08,0x00,0x08,0x00,0x10,0x00,0x20,0x00,
//0x00,0x00,0x00,0x00,0x00,0x00,0x00,0x00,0x00,0x00,0x00,0x00,0x00,0x00,0x00,0x00,
//0x00,0x00,0x00,0x00,0x00,0x00,0x00,0x00,0x00,0x00,0x00,0x00,0x00,0x00,0x00,0x00,/*"'",7*/
///* (12 X 24 , 宋体 )*/

//0x00,0x00,0x00,0x00,0x00,0x20,0x00,0x40,0x00,0x80,0x01,0x00,0x01,0x00,0x02,0x00,
//0x02,0x00,0x04,0x00,0x04,0x00,0x04,0x00,0x04,0x00,0x04,0x00,0x04,0x00,0x04,0x00,
//0x02,0x00,0x02,0x00,0x01,0x00,0x01,0x00,0x00,0x80,0x00,0x40,0x00,0x20,0x00,0x00,/*"(",8*/
///* (12 X 24 , 宋体 )*/

//0x00,0x00,0x00,0x00,0x40,0x00,0x20,0x00,0x10,0x00,0x08,0x00,0x08,0x00,0x04,0x00,
//0x04,0x00,0x02,0x00,0x02,0x00,0x02,0x00,0x02,0x00,0x02,0x00,0x02,0x00,0x02,0x00,
//0x04,0x00,0x04,0x00,0x08,0x00,0x08,0x00,0x10,0x00,0x20,0x00,0x40,0x00,0x00,0x00,/*")",9*/
///* (12 X 24 , 宋体 )*/

//0x00,0x00,0x00,0x00,0x00,0x00,0x00,0x00,0x00,0x00,0x00,0x00,0x02,0x00,0x03,0x00,
//0x02,0x00,0x62,0x30,0x72,0xF0,0x0B,0x80,0x0F,0x80,0x7A,0xF0,0x62,0x30,0x02,0x00,
//0x02,0x00,0x02,0x00,0x00,0x00,0x00,0x00,0x00,0x00,0x00,0x00,0x00,0x00,0x00,0x00,/*"*",10*/
///* (12 X 24 , 宋体 )*/

//0x00,0x00,0x00,0x00,0x00,0x00,0x00,0x00,0x00,0x00,0x00,0x00,0x00,0x00,0x02,0x00,
//0x02,0x00,0x02,0x00,0x02,0x00,0x02,0x00,0x7F,0xF0,0x02,0x00,0x02,0x00,0x02,0x00,
//0x02,0x00,0x02,0x00,0x00,0x00,0x00,0x00,0x00,0x00,0x00,0x00,0x00,0x00,0x00,0x00,/*"+",11*/
///* (12 X 24 , 宋体 )*/

//0x00,0x00,0x00,0x00,0x00,0x00,0x00,0x00,0x00,0x00,0x00,0x00,0x00,0x00,0x00,0x00,
//0x00,0x00,0x00,0x00,0x00,0x00,0x00,0x00,0x00,0x00,0x00,0x00,0x00,0x00,0x00,0x00,
//0x00,0x00,0x00,0x00,0x30,0x00,0x38,0x00,0x08,0x00,0x08,0x00,0x10,0x00,0x20,0x00,/*",",12*/
///* (12 X 24 , 宋体 )*/

//0x00,0x00,0x00,0x00,0x00,0x00,0x00,0x00,0x00,0x00,0x00,0x00,0x00,0x00,0x00,0x00,
//0x00,0x00,0x00,0x00,0x00,0x00,0x00,0x00,0x7F,0xE0,0x00,0x00,0x00,0x00,0x00,0x00,
//0x00,0x00,0x00,0x00,0x00,0x00,0x00,0x00,0x00,0x00,0x00,0x00,0x00,0x00,0x00,0x00,/*"-",13*/
///* (12 X 24 , 宋体 )*/

//0x00,0x00,0x00,0x00,0x00,0x00,0x00,0x00,0x00,0x00,0x00,0x00,0x00,0x00,0x00,0x00,
//0x00,0x00,0x00,0x00,0x00,0x00,0x00,0x00,0x00,0x00,0x00,0x00,0x00,0x00,0x00,0x00,
//0x00,0x00,0x00,0x00,0x38,0x00,0x38,0x00,0x38,0x00,0x00,0x00,0x00,0x00,0x00,0x00,/*".",14*/
///* (12 X 24 , 宋体 )*/

//0x00,0x00,0x00,0x00,0x00,0x20,0x00,0x60,0x00,0x40,0x00,0xC0,0x00,0x80,0x00,0x80,
//0x01,0x00,0x01,0x00,0x02,0x00,0x02,0x00,0x06,0x00,0x04,0x00,0x04,0x00,0x08,0x00,
//0x08,0x00,0x10,0x00,0x10,0x00,0x30,0x00,0x20,0x00,0x60,0x00,0x40,0x00,0x00,0x00,/*"/",15*/
///* (12 X 24 , 宋体 )*/

//0x00,0x00,0x00,0x00,0x00,0x00,0x00,0x00,0x00,0x00,0x0F,0x00,0x19,0x80,0x30,0xC0,
//0x30,0xC0,0x60,0x60,0x60,0x60,0x60,0x60,0x60,0x60,0x60,0x60,0x60,0x60,0x60,0x60,
//0x60,0x60,0x30,0xC0,0x30,0xC0,0x19,0x80,0x0F,0x00,0x00,0x00,0x00,0x00,0x00,0x00,/*"0",16*/
///* (12 X 24 , 宋体 )*/

//0x00,0x00,0x00,0x00,0x00,0x00,0x00,0x00,0x00,0x00,0x02,0x00,0x3E,0x00,0x06,0x00,
//0x06,0x00,0x06,0x00,0x06,0x00,0x06,0x00,0x06,0x00,0x06,0x00,0x06,0x00,0x06,0x00,
//0x06,0x00,0x06,0x00,0x06,0x00,0x06,0x00,0x3F,0xC0,0x00,0x00,0x00,0x00,0x00,0x00,/*"1",17*/
///* (12 X 24 , 宋体 )*/

//0x00,0x00,0x00,0x00,0x00,0x00,0x00,0x00,0x00,0x00,0x1F,0x00,0x21,0x80,0x40,0xC0,
//0x60,0xC0,0x60,0xC0,0x00,0xC0,0x00,0x80,0x01,0x80,0x03,0x00,0x06,0x00,0x04,0x00,
//0x08,0x00,0x10,0x40,0x20,0x40,0x60,0x40,0x7F,0xC0,0x00,0x00,0x00,0x00,0x00,0x00,/*"2",18*/
///* (12 X 24 , 宋体 )*/

//0x00,0x00,0x00,0x00,0x00,0x00,0x00,0x00,0x00,0x00,0x1E,0x00,0x63,0x00,0x61,0x80,
//0x61,0x80,0x01,0x80,0x01,0x80,0x03,0x00,0x0E,0x00,0x01,0x80,0x00,0x80,0x00,0xC0,
//0x00,0xC0,0x60,0xC0,0x60,0xC0,0x61,0x80,0x1F,0x00,0x00,0x00,0x00,0x00,0x00,0x00,/*"3",19*/
///* (12 X 24 , 宋体 )*/

//0x00,0x00,0x00,0x00,0x00,0x00,0x00,0x00,0x00,0x00,0x01,0x80,0x01,0x80,0x03,0x80,
//0x05,0x80,0x05,0x80,0x09,0x80,0x11,0x80,0x11,0x80,0x21,0x80,0x41,0x80,0x7F,0xF0,
//0x01,0x80,0x01,0x80,0x01,0x80,0x01,0x80,0x07,0xE0,0x00,0x00,0x00,0x00,0x00,0x00,/*"4",20*/
///* (12 X 24 , 宋体 )*/

//0x00,0x00,0x00,0x00,0x00,0x00,0x00,0x00,0x00,0x00,0x3F,0xC0,0x20,0x00,0x20,0x00,
//0x20,0x00,0x20,0x00,0x20,0x00,0x2F,0x00,0x31,0x80,0x20,0xC0,0x00,0xC0,0x00,0xC0,
//0x60,0xC0,0x60,0xC0,0x41,0x80,0x21,0x80,0x1F,0x00,0x00,0x00,0x00,0x00,0x00,0x00,/*"5",21*/
///* (12 X 24 , 宋体 )*/

//0x00,0x00,0x00,0x00,0x00,0x00,0x00,0x00,0x00,0x00,0x07,0x80,0x18,0xC0,0x30,0xC0,
//0x30,0x00,0x20,0x00,0x60,0x00,0x67,0x80,0x68,0xC0,0x70,0x60,0x60,0x60,0x60,0x60,
//0x60,0x60,0x20,0x60,0x30,0x40,0x18,0xC0,0x0F,0x00,0x00,0x00,0x00,0x00,0x00,0x00,/*"6",22*/
///* (12 X 24 , 宋体 )*/

//0x00,0x00,0x00,0x00,0x00,0x00,0x00,0x00,0x00,0x00,0x1F,0xE0,0x30,0x60,0x20,0x40,
//0x20,0x80,0x00,0x80,0x00,0x80,0x01,0x00,0x01,0x00,0x02,0x00,0x02,0x00,0x02,0x00,
//0x06,0x00,0x06,0x00,0x06,0x00,0x06,0x00,0x06,0x00,0x00,0x00,0x00,0x00,0x00,0x00,/*"7",23*/
///* (12 X 24 , 宋体 )*/

//0x00,0x00,0x00,0x00,0x00,0x00,0x00,0x00,0x00,0x00,0x1F,0x80,0x30,0xC0,0x60,0x60,
//0x60,0x60,0x60,0x60,0x30,0x40,0x38,0xC0,0x0F,0x00,0x13,0x80,0x30,0xC0,0x60,0x60,
//0x60,0x60,0x60,0x60,0x60,0x60,0x30,0xC0,0x0F,0x80,0x00,0x00,0x00,0x00,0x00,0x00,/*"8",24*/
///* (12 X 24 , 宋体 )*/

//0x00,0x00,0x00,0x00,0x00,0x00,0x00,0x00,0x00,0x00,0x0F,0x00,0x30,0x80,0x30,0xC0,
//0x60,0x40,0x60,0x60,0x60,0x60,0x60,0x60,0x60,0xE0,0x31,0x60,0x1E,0x60,0x00,0x60,
//0x00,0xC0,0x00,0xC0,0x30,0x80,0x31,0x80,0x1E,0x00,0x00,0x00,0x00,0x00,0x00,0x00,/*"9",25*/
///* (12 X 24 , 宋体 )*/

//0x00,0x00,0x00,0x00,0x00,0x00,0x00,0x00,0x00,0x00,0x00,0x00,0x00,0x00,0x00,0x00,
//0x00,0x00,0x00,0x00,0x07,0x00,0x07,0x00,0x07,0x00,0x00,0x00,0x00,0x00,0x00,0x00,
//0x00,0x00,0x00,0x00,0x07,0x00,0x07,0x00,0x07,0x00,0x00,0x00,0x00,0x00,0x00,0x00,/*":",26*/
///* (12 X 24 , 宋体 )*/

//0x00,0x00,0x00,0x00,0x00,0x00,0x00,0x00,0x00,0x00,0x00,0x00,0x00,0x00,0x00,0x00,
//0x00,0x00,0x00,0x00,0x06,0x00,0x06,0x00,0x00,0x00,0x00,0x00,0x00,0x00,0x00,0x00,
//0x00,0x00,0x00,0x00,0x00,0x00,0x06,0x00,0x06,0x00,0x02,0x00,0x04,0x00,0x04,0x00,/*";",27*/
///* (12 X 24 , 宋体 )*/

//0x00,0x00,0x00,0x00,0x00,0x00,0x00,0x00,0x00,0x20,0x00,0x40,0x00,0x80,0x01,0x00,
//0x02,0x00,0x04,0x00,0x08,0x00,0x10,0x00,0x20,0x00,0x10,0x00,0x08,0x00,0x04,0x00,
//0x02,0x00,0x01,0x00,0x00,0x80,0x00,0x40,0x00,0x20,0x00,0x00,0x00,0x00,0x00,0x00,/*"<",28*/
///* (12 X 24 , 宋体 )*/

//0x00,0x00,0x00,0x00,0x00,0x00,0x00,0x00,0x00,0x00,0x00,0x00,0x00,0x00,0x00,0x00,
//0x00,0x00,0x00,0x00,0x7F,0xE0,0x00,0x00,0x00,0x00,0x00,0x00,0x7F,0xE0,0x00,0x00,
//0x00,0x00,0x00,0x00,0x00,0x00,0x00,0x00,0x00,0x00,0x00,0x00,0x00,0x00,0x00,0x00,/*"=",29*/
///* (12 X 24 , 宋体 )*/

//0x00,0x00,0x00,0x00,0x00,0x00,0x00,0x00,0x20,0x00,0x10,0x00,0x08,0x00,0x04,0x00,
//0x02,0x00,0x01,0x00,0x00,0x80,0x00,0x40,0x00,0x20,0x00,0x40,0x00,0x80,0x01,0x00,
//0x02,0x00,0x04,0x00,0x08,0x00,0x10,0x00,0x20,0x00,0x00,0x00,0x00,0x00,0x00,0x00,/*">",30*/
///* (12 X 24 , 宋体 )*/

//0x00,0x00,0x00,0x00,0x00,0x00,0x00,0x00,0x00,0x00,0x07,0xC0,0x18,0x60,0x20,0x30,
//0x20,0x30,0x30,0x30,0x30,0x30,0x00,0xE0,0x01,0x80,0x02,0x00,0x02,0x00,0x02,0x00,
//0x00,0x00,0x00,0x00,0x07,0x00,0x07,0x00,0x07,0x00,0x00,0x00,0x00,0x00,0x00,0x00,/*"?",31*/
///* (12 X 24 , 宋体 )*/

//0x00,0x00,0x00,0x00,0x00,0x00,0x00,0x00,0x07,0x00,0x18,0xC0,0x30,0x40,0x33,0xA0,
//0x26,0xA0,0x66,0xA0,0x65,0xA0,0x6D,0x20,0x6D,0x20,0x6D,0x20,0x6D,0x20,0x6D,0x40,
//0x27,0x80,0x30,0x20,0x30,0x40,0x18,0xC0,0x0F,0x00,0x00,0x00,0x00,0x00,0x00,0x00,/*"@",32*/
///* (12 X 24 , 宋体 )*/

//0x00,0x00,0x00,0x00,0x00,0x00,0x00,0x00,0x00,0x00,0x06,0x00,0x06,0x00,0x0A,0x00,
//0x0B,0x00,0x09,0x00,0x09,0x00,0x11,0x00,0x11,0x80,0x10,0x80,0x1F,0x80,0x20,0xC0,
//0x20,0xC0,0x20,0x40,0x40,0x40,0x40,0x60,0xF0,0xF0,0x00,0x00,0x00,0x00,0x00,0x00,/*"A",33*/
///* (12 X 24 , 宋体 )*/

//0x00,0x00,0x00,0x00,0x00,0x00,0x00,0x00,0x00,0x00,0x7F,0x00,0x31,0xC0,0x30,0xC0,
//0x30,0xC0,0x30,0xC0,0x30,0xC0,0x31,0x80,0x3F,0x00,0x30,0xC0,0x30,0x40,0x30,0x60,
//0x30,0x60,0x30,0x60,0x30,0x60,0x30,0xC0,0x7F,0x80,0x00,0x00,0x00,0x00,0x00,0x00,/*"B",34*/
///* (12 X 24 , 宋体 )*/

//0x00,0x00,0x00,0x00,0x00,0x00,0x00,0x00,0x00,0x00,0x07,0xC0,0x18,0xC0,0x30,0x60,
//0x30,0x20,0x20,0x20,0x60,0x00,0x60,0x00,0x60,0x00,0x60,0x00,0x60,0x00,0x60,0x00,
//0x60,0x20,0x30,0x20,0x30,0x40,0x18,0xC0,0x0F,0x00,0x00,0x00,0x00,0x00,0x00,0x00,/*"C",35*/
///* (12 X 24 , 宋体 )*/

//0x00,0x00,0x00,0x00,0x00,0x00,0x00,0x00,0x00,0x00,0xFE,0x00,0x31,0x80,0x30,0xC0,
//0x30,0xC0,0x30,0x60,0x30,0x60,0x30,0x60,0x30,0x60,0x30,0x60,0x30,0x60,0x30,0x60,
//0x30,0x60,0x30,0xC0,0x30,0xC0,0x31,0x80,0xFE,0x00,0x00,0x00,0x00,0x00,0x00,0x00,/*"D",36*/
///* (12 X 24 , 宋体 )*/

//0x00,0x00,0x00,0x00,0x00,0x00,0x00,0x00,0x00,0x00,0xFF,0xC0,0x60,0xC0,0x60,0x20,
//0x60,0x20,0x60,0x00,0x61,0x00,0x61,0x00,0x7F,0x00,0x61,0x00,0x61,0x00,0x61,0x00,
//0x60,0x00,0x60,0x20,0x60,0x20,0x60,0x40,0xFF,0xC0,0x00,0x00,0x00,0x00,0x00,0x00,/*"E",37*/
///* (12 X 24 , 宋体 )*/

//0x00,0x00,0x00,0x00,0x00,0x00,0x00,0x00,0x00,0x00,0xFF,0xC0,0x60,0xC0,0x60,0x20,
//0x60,0x20,0x60,0x00,0x61,0x00,0x61,0x00,0x7F,0x00,0x61,0x00,0x61,0x00,0x61,0x00,
//0x60,0x00,0x60,0x00,0x60,0x00,0x60,0x00,0xF8,0x00,0x00,0x00,0x00,0x00,0x00,0x00,/*"F",38*/
///* (12 X 24 , 宋体 )*/

//0x00,0x00,0x00,0x00,0x00,0x00,0x00,0x00,0x00,0x00,0x0F,0x00,0x18,0x80,0x30,0x40,
//0x30,0x40,0x20,0x40,0x60,0x00,0x60,0x00,0x60,0x00,0x60,0x00,0x63,0xF0,0x60,0xC0,
//0x60,0xC0,0x30,0xC0,0x30,0xC0,0x18,0xC0,0x0F,0x00,0x00,0x00,0x00,0x00,0x00,0x00,/*"G",39*/
///* (12 X 24 , 宋体 )*/

//0x00,0x00,0x00,0x00,0x00,0x00,0x00,0x00,0x00,0x00,0xF0,0xF0,0x60,0x60,0x60,0x60,
//0x60,0x60,0x60,0x60,0x60,0x60,0x60,0x60,0x7F,0xE0,0x60,0x60,0x60,0x60,0x60,0x60,
//0x60,0x60,0x60,0x60,0x60,0x60,0x60,0x60,0xF0,0xF0,0x00,0x00,0x00,0x00,0x00,0x00,/*"H",40*/
///* (12 X 24 , 宋体 )*/

//0x00,0x00,0x00,0x00,0x00,0x00,0x00,0x00,0x00,0x00,0x3F,0xC0,0x06,0x00,0x06,0x00,
//0x06,0x00,0x06,0x00,0x06,0x00,0x06,0x00,0x06,0x00,0x06,0x00,0x06,0x00,0x06,0x00,
//0x06,0x00,0x06,0x00,0x06,0x00,0x06,0x00,0x3F,0xC0,0x00,0x00,0x00,0x00,0x00,0x00,/*"I",41*/
///* (12 X 24 , 宋体 )*/

//0x00,0x00,0x00,0x00,0x00,0x00,0x00,0x00,0x00,0x00,0x1F,0xE0,0x03,0x00,0x03,0x00,
//0x03,0x00,0x03,0x00,0x03,0x00,0x03,0x00,0x03,0x00,0x03,0x00,0x03,0x00,0x03,0x00,
//0x03,0x00,0x03,0x00,0x03,0x00,0x03,0x00,0x03,0x00,0x63,0x00,0x66,0x00,0x3C,0x00,/*"J",42*/
///* (12 X 24 , 宋体 )*/

//0x00,0x00,0x00,0x00,0x00,0x00,0x00,0x00,0x00,0x00,0xF3,0xC0,0x61,0x80,0x63,0x00,
//0x62,0x00,0x64,0x00,0x68,0x00,0x6C,0x00,0x74,0x00,0x76,0x00,0x62,0x00,0x63,0x00,
//0x61,0x00,0x61,0x80,0x60,0x80,0x60,0xC0,0xF1,0xE0,0x00,0x00,0x00,0x00,0x00,0x00,/*"K",43*/
///* (12 X 24 , 宋体 )*/

//0x00,0x00,0x00,0x00,0x00,0x00,0x00,0x00,0x00,0x00,0xF8,0x00,0x60,0x00,0x60,0x00,
//0x60,0x00,0x60,0x00,0x60,0x00,0x60,0x00,0x60,0x00,0x60,0x00,0x60,0x00,0x60,0x00,
//0x60,0x00,0x60,0x20,0x60,0x20,0x60,0x40,0xFF,0xC0,0x00,0x00,0x00,0x00,0x00,0x00,/*"L",44*/
///* (12 X 24 , 宋体 )*/

//0x00,0x00,0x00,0x00,0x00,0x00,0x00,0x00,0x00,0x00,0xE0,0xE0,0x61,0xC0,0x61,0xC0,
//0x71,0xC0,0x71,0xC0,0x72,0xC0,0x72,0xC0,0x52,0xC0,0x5A,0xC0,0x5A,0xC0,0x5C,0xC0,
//0x4C,0xC0,0x4C,0xC0,0x4C,0xC0,0x48,0xC0,0xE1,0xE0,0x00,0x00,0x00,0x00,0x00,0x00,/*"M",45*/
///* (12 X 24 , 宋体 )*/

//0x00,0x00,0x00,0x00,0x00,0x00,0x00,0x00,0x00,0x00,0x71,0xF0,0x30,0x40,0x38,0x40,
//0x38,0x40,0x2C,0x40,0x2C,0x40,0x26,0x40,0x26,0x40,0x22,0x40,0x23,0x40,0x21,0x40,
//0x21,0xC0,0x21,0xC0,0x20,0xC0,0x20,0xC0,0xF8,0x40,0x00,0x00,0x00,0x00,0x00,0x00,/*"N",46*/
///* (12 X 24 , 宋体 )*/

//0x00,0x00,0x00,0x00,0x00,0x00,0x00,0x00,0x00,0x00,0x0F,0x00,0x19,0x80,0x30,0xC0,
//0x30,0x40,0x60,0x60,0x60,0x60,0x60,0x60,0x60,0x60,0x60,0x60,0x60,0x60,0x60,0x60,
//0x60,0x60,0x30,0x40,0x30,0xC0,0x19,0x80,0x0F,0x00,0x00,0x00,0x00,0x00,0x00,0x00,/*"O",47*/
///* (12 X 24 , 宋体 )*/

//0x00,0x00,0x00,0x00,0x00,0x00,0x00,0x00,0x00,0x00,0xFF,0x00,0x60,0xC0,0x60,0x60,
//0x60,0x60,0x60,0x60,0x60,0x60,0x60,0x60,0x61,0xC0,0x7F,0x00,0x60,0x00,0x60,0x00,
//0x60,0x00,0x60,0x00,0x60,0x00,0x60,0x00,0xF8,0x00,0x00,0x00,0x00,0x00,0x00,0x00,/*"P",48*/
///* (12 X 24 , 宋体 )*/

//0x00,0x00,0x00,0x00,0x00,0x00,0x00,0x00,0x00,0x00,0x0F,0x00,0x19,0x80,0x30,0xC0,
//0x30,0x40,0x60,0x60,0x60,0x60,0x60,0x60,0x60,0x60,0x60,0x60,0x60,0x60,0x60,0x60,
//0x6E,0x60,0x32,0x40,0x33,0xC0,0x19,0x80,0x0F,0x00,0x01,0xE0,0x00,0xC0,0x00,0x00,/*"Q",49*/
///* (12 X 24 , 宋体 )*/

//0x00,0x00,0x00,0x00,0x00,0x00,0x00,0x00,0x00,0x00,0xFF,0x80,0x60,0xC0,0x60,0x60,
//0x60,0x60,0x60,0x60,0x60,0x60,0x60,0xC0,0x7F,0x00,0x62,0x00,0x63,0x00,0x61,0x00,
//0x61,0x80,0x60,0xC0,0x60,0xC0,0x60,0x60,0xF0,0x70,0x00,0x00,0x00,0x00,0x00,0x00,/*"R",50*/
///* (12 X 24 , 宋体 )*/

//0x00,0x00,0x00,0x00,0x00,0x00,0x00,0x00,0x00,0x00,0x1F,0x40,0x30,0xC0,0x60,0x40,
//0x60,0x40,0x60,0x00,0x70,0x00,0x3C,0x00,0x1F,0x00,0x07,0xC0,0x01,0xC0,0x00,0xE0,
//0x40,0x60,0x40,0x60,0x60,0x60,0x30,0xC0,0x0F,0x80,0x00,0x00,0x00,0x00,0x00,0x00,/*"S",51*/
///* (12 X 24 , 宋体 )*/

//0x00,0x00,0x00,0x00,0x00,0x00,0x00,0x00,0x00,0x00,0x7F,0xE0,0x46,0x20,0x86,0x10,
//0x86,0x10,0x06,0x00,0x06,0x00,0x06,0x00,0x06,0x00,0x06,0x00,0x06,0x00,0x06,0x00,
//0x06,0x00,0x06,0x00,0x06,0x00,0x06,0x00,0x1F,0x80,0x00,0x00,0x00,0x00,0x00,0x00,/*"T",52*/
///* (12 X 24 , 宋体 )*/

//0x00,0x00,0x00,0x00,0x00,0x00,0x00,0x00,0x00,0x00,0x78,0xE0,0x30,0x40,0x30,0x40,
//0x30,0x40,0x30,0x40,0x30,0x40,0x30,0x40,0x30,0x40,0x30,0x40,0x30,0x40,0x30,0x40,
//0x30,0x40,0x30,0x40,0x30,0x40,0x18,0x80,0x0F,0x00,0x00,0x00,0x00,0x00,0x00,0x00,/*"U",53*/
///* (12 X 24 , 宋体 )*/

//0x00,0x00,0x00,0x00,0x00,0x00,0x00,0x00,0x00,0x00,0xF0,0xE0,0x60,0x40,0x20,0x80,
//0x20,0x80,0x30,0x80,0x30,0x80,0x11,0x00,0x11,0x00,0x19,0x00,0x19,0x00,0x0A,0x00,
//0x0A,0x00,0x0E,0x00,0x0C,0x00,0x04,0x00,0x04,0x00,0x00,0x00,0x00,0x00,0x00,0x00,/*"V",54*/
///* (12 X 24 , 宋体 )*/

//0x00,0x00,0x00,0x00,0x00,0x00,0x00,0x00,0x00,0x00,0xEF,0x70,0x46,0x20,0x42,0x20,
//0x62,0x20,0x62,0x20,0x26,0x40,0x26,0x40,0x27,0x40,0x27,0x40,0x39,0x40,0x39,0x80,
//0x19,0x80,0x19,0x80,0x11,0x80,0x11,0x00,0x11,0x00,0x00,0x00,0x00,0x00,0x00,0x00,/*"W",55*/
///* (12 X 24 , 宋体 )*/

//0x00,0x00,0x00,0x00,0x00,0x00,0x00,0x00,0x00,0x00,0x79,0xE0,0x30,0x80,0x10,0x80,
//0x18,0x80,0x09,0x00,0x0D,0x00,0x06,0x00,0x04,0x00,0x06,0x00,0x06,0x00,0x0B,0x00,
//0x09,0x00,0x11,0x80,0x10,0x80,0x20,0xC0,0x71,0xE0,0x00,0x00,0x00,0x00,0x00,0x00,/*"X",56*/
///* (12 X 24 , 宋体 )*/

//0x00,0x00,0x00,0x00,0x00,0x00,0x00,0x00,0x00,0x00,0xF0,0xF0,0x60,0x20,0x20,0x40,
//0x30,0x40,0x10,0x80,0x18,0x80,0x1D,0x00,0x0D,0x00,0x0E,0x00,0x06,0x00,0x06,0x00,
//0x06,0x00,0x06,0x00,0x06,0x00,0x06,0x00,0x1F,0x80,0x00,0x00,0x00,0x00,0x00,0x00,/*"Y",57*/
///* (12 X 24 , 宋体 )*/

//0x00,0x00,0x00,0x00,0x00,0x00,0x00,0x00,0x00,0x00,0x3F,0xE0,0x30,0x40,0x60,0xC0,
//0x40,0x80,0x01,0x80,0x01,0x00,0x02,0x00,0x02,0x00,0x04,0x00,0x04,0x00,0x08,0x00,
//0x18,0x00,0x10,0x20,0x30,0x20,0x20,0x40,0x7F,0xC0,0x00,0x00,0x00,0x00,0x00,0x00,/*"Z",58*/
///* (12 X 24 , 宋体 )*/

//0x00,0x00,0x00,0x00,0x07,0xC0,0x04,0x00,0x04,0x00,0x04,0x00,0x04,0x00,0x04,0x00,
//0x04,0x00,0x04,0x00,0x04,0x00,0x04,0x00,0x04,0x00,0x04,0x00,0x04,0x00,0x04,0x00,
//0x04,0x00,0x04,0x00,0x04,0x00,0x04,0x00,0x04,0x00,0x04,0x00,0x07,0xC0,0x00,0x00,/*"[",59*/
///* (12 X 24 , 宋体 )*/

//0x00,0x00,0x00,0x00,0x00,0x00,0x00,0x00,0x20,0x00,0x20,0x00,0x10,0x00,0x10,0x00,
//0x08,0x00,0x08,0x00,0x08,0x00,0x04,0x00,0x04,0x00,0x02,0x00,0x02,0x00,0x03,0x00,
//0x01,0x00,0x01,0x00,0x00,0x80,0x00,0x80,0x00,0x40,0x00,0x40,0x00,0x40,0x00,0x20,/*"\",60*/
///* (12 X 24 , 宋体 )*/

//0x00,0x00,0x00,0x00,0x3E,0x00,0x02,0x00,0x02,0x00,0x02,0x00,0x02,0x00,0x02,0x00,
//0x02,0x00,0x02,0x00,0x02,0x00,0x02,0x00,0x02,0x00,0x02,0x00,0x02,0x00,0x02,0x00,
//0x02,0x00,0x02,0x00,0x02,0x00,0x02,0x00,0x02,0x00,0x02,0x00,0x3E,0x00,0x00,0x00,/*"]",61*/
///* (12 X 24 , 宋体 )*/

//0x00,0x00,0x06,0x00,0x09,0x00,0x10,0x80,0x00,0x00,0x00,0x00,0x00,0x00,0x00,0x00,
//0x00,0x00,0x00,0x00,0x00,0x00,0x00,0x00,0x00,0x00,0x00,0x00,0x00,0x00,0x00,0x00,
//0x00,0x00,0x00,0x00,0x00,0x00,0x00,0x00,0x00,0x00,0x00,0x00,0x00,0x00,0x00,0x00,/*"^",62*/
///* (12 X 24 , 宋体 )*/

//0x00,0x00,0x00,0x00,0x00,0x00,0x00,0x00,0x00,0x00,0x00,0x00,0x00,0x00,0x00,0x00,
//0x00,0x00,0x00,0x00,0x00,0x00,0x00,0x00,0x00,0x00,0x00,0x00,0x00,0x00,0x00,0x00,
//0x00,0x00,0x00,0x00,0x00,0x00,0x00,0x00,0x00,0x00,0x00,0x00,0x00,0x00,0xFF,0xF0,/*"_",63*/
///* (12 X 24 , 宋体 )*/

//0x00,0x00,0x00,0x00,0x18,0x00,0x06,0x00,0x00,0x00,0x00,0x00,0x00,0x00,0x00,0x00,
//0x00,0x00,0x00,0x00,0x00,0x00,0x00,0x00,0x00,0x00,0x00,0x00,0x00,0x00,0x00,0x00,
//0x00,0x00,0x00,0x00,0x00,0x00,0x00,0x00,0x00,0x00,0x00,0x00,0x00,0x00,0x00,0x00,/*"`",64*/
///* (12 X 24 , 宋体 )*/

//0x00,0x00,0x00,0x00,0x00,0x00,0x00,0x00,0x00,0x00,0x00,0x00,0x00,0x00,0x00,0x00,
//0x00,0x00,0x00,0x00,0x0F,0x80,0x30,0xC0,0x30,0xC0,0x00,0xC0,0x07,0xC0,0x38,0xC0,
//0x70,0xC0,0x60,0xC0,0x60,0xC0,0x71,0xD0,0x3E,0x70,0x00,0x00,0x00,0x00,0x00,0x00,/*"a",65*/
///* (12 X 24 , 宋体 )*/

//0x00,0x00,0x00,0x00,0x00,0x00,0x00,0x00,0x10,0x00,0x70,0x00,0x30,0x00,0x30,0x00,
//0x30,0x00,0x30,0x00,0x33,0x80,0x3C,0xC0,0x38,0x60,0x30,0x60,0x30,0x60,0x30,0x60,
//0x30,0x60,0x30,0x60,0x30,0x40,0x38,0xC0,0x27,0x80,0x00,0x00,0x00,0x00,0x00,0x00,/*"b",66*/
///* (12 X 24 , 宋体 )*/

//0x00,0x00,0x00,0x00,0x00,0x00,0x00,0x00,0x00,0x00,0x00,0x00,0x00,0x00,0x00,0x00,
//0x00,0x00,0x00,0x00,0x0F,0x00,0x31,0x80,0x31,0x80,0x61,0x80,0x60,0x00,0x60,0x00,
//0x60,0x00,0x60,0x40,0x30,0x40,0x30,0x80,0x0F,0x00,0x00,0x00,0x00,0x00,0x00,0x00,/*"c",67*/
///* (12 X 24 , 宋体 )*/

//0x00,0x00,0x00,0x00,0x00,0x00,0x00,0x00,0x00,0x40,0x03,0xC0,0x00,0xC0,0x00,0xC0,
//0x00,0xC0,0x00,0xC0,0x1E,0xC0,0x31,0xC0,0x30,0xC0,0x60,0xC0,0x60,0xC0,0x60,0xC0,
//0x60,0xC0,0x60,0xC0,0x20,0xC0,0x31,0xE0,0x1E,0x80,0x00,0x00,0x00,0x00,0x00,0x00,/*"d",68*/
///* (12 X 24 , 宋体 )*/

//0x00,0x00,0x00,0x00,0x00,0x00,0x00,0x00,0x00,0x00,0x00,0x00,0x00,0x00,0x00,0x00,
//0x00,0x00,0x00,0x00,0x07,0x80,0x18,0xC0,0x10,0x40,0x30,0x60,0x30,0x60,0x3F,0xE0,
//0x30,0x00,0x30,0x00,0x18,0x20,0x18,0x40,0x07,0x80,0x00,0x00,0x00,0x00,0x00,0x00,/*"e",69*/
///* (12 X 24 , 宋体 )*/

//0x00,0x00,0x00,0x00,0x00,0x00,0x00,0x00,0x00,0x00,0x03,0xC0,0x06,0x60,0x0C,0x60,
//0x0C,0x00,0x0C,0x00,0x7F,0x80,0x0C,0x00,0x0C,0x00,0x0C,0x00,0x0C,0x00,0x0C,0x00,
//0x0C,0x00,0x0C,0x00,0x0C,0x00,0x0C,0x00,0x3F,0x80,0x00,0x00,0x00,0x00,0x00,0x00,/*"f",70*/
///* (12 X 24 , 宋体 )*/

//0x00,0x00,0x00,0x00,0x00,0x00,0x00,0x00,0x00,0x00,0x00,0x00,0x00,0x00,0x00,0x00,
//0x00,0x00,0x00,0x00,0x0F,0xE0,0x1B,0x60,0x31,0x80,0x31,0x80,0x31,0x80,0x19,0x80,
//0x1F,0x00,0x30,0x00,0x3F,0x00,0x33,0xC0,0x60,0xC0,0x60,0xC0,0x71,0xC0,0x1F,0x00,/*"g",71*/
///* (12 X 24 , 宋体 )*/

//0x00,0x00,0x00,0x00,0x00,0x00,0x00,0x00,0x10,0x00,0x70,0x00,0x30,0x00,0x30,0x00,
//0x30,0x00,0x30,0x00,0x37,0x80,0x38,0xC0,0x30,0xC0,0x30,0xC0,0x30,0xC0,0x30,0xC0,
//0x30,0xC0,0x30,0xC0,0x30,0xC0,0x30,0xC0,0x79,0xE0,0x00,0x00,0x00,0x00,0x00,0x00,/*"h",72*/
///* (12 X 24 , 宋体 )*/

//0x00,0x00,0x00,0x00,0x00,0x00,0x00,0x00,0x00,0x00,0x06,0x00,0x06,0x00,0x00,0x00,
//0x00,0x00,0x02,0x00,0x3E,0x00,0x06,0x00,0x06,0x00,0x06,0x00,0x06,0x00,0x06,0x00,
//0x06,0x00,0x06,0x00,0x06,0x00,0x06,0x00,0x3F,0xC0,0x00,0x00,0x00,0x00,0x00,0x00,/*"i",73*/
///* (12 X 24 , 宋体 )*/

//0x00,0x00,0x00,0x00,0x00,0x00,0x00,0x00,0x00,0x00,0x03,0x80,0x03,0x80,0x00,0x00,
//0x00,0x00,0x00,0x80,0x0F,0x80,0x01,0x80,0x01,0x80,0x01,0x80,0x01,0x80,0x01,0x80,
//0x01,0x80,0x01,0x80,0x01,0x80,0x01,0x80,0x01,0x80,0x01,0x80,0x33,0x00,0x3E,0x00,/*"j",74*/
///* (12 X 24 , 宋体 )*/

//0x00,0x00,0x00,0x00,0x00,0x00,0x00,0x00,0x10,0x00,0x70,0x00,0x30,0x00,0x30,0x00,
//0x30,0x00,0x30,0x00,0x31,0xC0,0x31,0x00,0x31,0x00,0x32,0x00,0x36,0x00,0x3A,0x00,
//0x31,0x00,0x31,0x80,0x30,0x80,0x30,0xC0,0x79,0xE0,0x00,0x00,0x00,0x00,0x00,0x00,/*"k",75*/
///* (12 X 24 , 宋体 )*/

//0x00,0x00,0x00,0x00,0x00,0x00,0x00,0x00,0x02,0x00,0x3E,0x00,0x06,0x00,0x06,0x00,
//0x06,0x00,0x06,0x00,0x06,0x00,0x06,0x00,0x06,0x00,0x06,0x00,0x06,0x00,0x06,0x00,
//0x06,0x00,0x06,0x00,0x06,0x00,0x06,0x00,0x3F,0xC0,0x00,0x00,0x00,0x00,0x00,0x00,/*"l",76*/
///* (12 X 24 , 宋体 )*/

//0x00,0x00,0x00,0x00,0x00,0x00,0x00,0x00,0x00,0x00,0x00,0x00,0x00,0x00,0x00,0x00,
//0x00,0x00,0x00,0x00,0xEC,0xE0,0x77,0x60,0x66,0x60,0x66,0x60,0x66,0x60,0x66,0x60,
//0x66,0x60,0x66,0x60,0x66,0x60,0x66,0x60,0xFF,0xF0,0x00,0x00,0x00,0x00,0x00,0x00,/*"m",77*/
///* (12 X 24 , 宋体 )*/

//0x00,0x00,0x00,0x00,0x00,0x00,0x00,0x00,0x00,0x00,0x00,0x00,0x00,0x00,0x00,0x00,
//0x00,0x00,0x00,0x00,0x77,0x80,0x38,0xC0,0x30,0xC0,0x30,0xC0,0x30,0xC0,0x30,0xC0,
//0x30,0xC0,0x30,0xC0,0x30,0xC0,0x30,0xC0,0x79,0xE0,0x00,0x00,0x00,0x00,0x00,0x00,/*"n",78*/
///* (12 X 24 , 宋体 )*/

//0x00,0x00,0x00,0x00,0x00,0x00,0x00,0x00,0x00,0x00,0x00,0x00,0x00,0x00,0x00,0x00,
//0x00,0x00,0x00,0x00,0x0F,0x00,0x19,0x80,0x30,0xC0,0x60,0x60,0x60,0x60,0x60,0x60,
//0x60,0x60,0x60,0x60,0x30,0xC0,0x30,0xC0,0x0F,0x00,0x00,0x00,0x00,0x00,0x00,0x00,/*"o",79*/
///* (12 X 24 , 宋体 )*/

//0x00,0x00,0x00,0x00,0x00,0x00,0x00,0x00,0x00,0x00,0x00,0x00,0x00,0x00,0x00,0x00,
//0x00,0x00,0x00,0x00,0x77,0x80,0x38,0xC0,0x30,0x60,0x30,0x60,0x30,0x60,0x30,0x60,
//0x30,0x60,0x30,0x60,0x30,0xC0,0x38,0xC0,0x37,0x80,0x30,0x00,0x30,0x00,0x7C,0x00,/*"p",80*/
///* (12 X 24 , 宋体 )*/

//0x00,0x00,0x00,0x00,0x00,0x00,0x00,0x00,0x00,0x00,0x00,0x00,0x00,0x00,0x00,0x00,
//0x00,0x00,0x00,0x00,0x1E,0x40,0x31,0xC0,0x30,0xC0,0x60,0xC0,0x60,0xC0,0x60,0xC0,
//0x60,0xC0,0x60,0xC0,0x20,0xC0,0x31,0xC0,0x1E,0xC0,0x00,0xC0,0x00,0xC0,0x03,0xE0,/*"q",81*/
///* (12 X 24 , 宋体 )*/

//0x00,0x00,0x00,0x00,0x00,0x00,0x00,0x00,0x00,0x00,0x00,0x00,0x00,0x00,0x00,0x00,
//0x00,0x00,0x00,0x00,0xF9,0xC0,0x1A,0x60,0x1C,0x60,0x18,0x00,0x18,0x00,0x18,0x00,
//0x18,0x00,0x18,0x00,0x18,0x00,0x18,0x00,0xFF,0x00,0x00,0x00,0x00,0x00,0x00,0x00,/*"r",82*/
///* (12 X 24 , 宋体 )*/

//0x00,0x00,0x00,0x00,0x00,0x00,0x00,0x00,0x00,0x00,0x00,0x00,0x00,0x00,0x00,0x00,
//0x00,0x00,0x00,0x00,0x0F,0xC0,0x38,0xC0,0x30,0x40,0x30,0x40,0x1C,0x00,0x0F,0x00,
//0x03,0xC0,0x20,0xC0,0x20,0xC0,0x31,0xC0,0x3F,0x80,0x00,0x00,0x00,0x00,0x00,0x00,/*"s",83*/
///* (12 X 24 , 宋体 )*/

//0x00,0x00,0x00,0x00,0x00,0x00,0x00,0x00,0x00,0x00,0x00,0x00,0x04,0x00,0x04,0x00,
//0x0C,0x00,0x0C,0x00,0x7F,0x80,0x0C,0x00,0x0C,0x00,0x0C,0x00,0x0C,0x00,0x0C,0x00,
//0x0C,0x00,0x0C,0x00,0x0C,0x40,0x0C,0x40,0x07,0x80,0x00,0x00,0x00,0x00,0x00,0x00,/*"t",84*/
///* (12 X 24 , 宋体 )*/

//0x00,0x00,0x00,0x00,0x00,0x00,0x00,0x00,0x00,0x00,0x00,0x00,0x00,0x00,0x00,0x00,
//0x00,0x00,0x10,0x40,0x71,0xC0,0x30,0xC0,0x30,0xC0,0x30,0xC0,0x30,0xC0,0x30,0xC0,
//0x30,0xC0,0x30,0xC0,0x30,0xC0,0x39,0xE0,0x1E,0x80,0x00,0x00,0x00,0x00,0x00,0x00,/*"u",85*/
///* (12 X 24 , 宋体 )*/

//0x00,0x00,0x00,0x00,0x00,0x00,0x00,0x00,0x00,0x00,0x00,0x00,0x00,0x00,0x00,0x00,
//0x00,0x00,0x00,0x00,0x78,0xE0,0x30,0x40,0x10,0x80,0x10,0x80,0x18,0x80,0x09,0x00,
//0x0D,0x00,0x0D,0x00,0x06,0x00,0x06,0x00,0x04,0x00,0x00,0x00,0x00,0x00,0x00,0x00,/*"v",86*/
///* (12 X 24 , 宋体 )*/

//0x00,0x00,0x00,0x00,0x00,0x00,0x00,0x00,0x00,0x00,0x00,0x00,0x00,0x00,0x00,0x00,
//0x00,0x00,0x00,0x00,0xEF,0x70,0x46,0x20,0x62,0x20,0x26,0x40,0x26,0x40,0x37,0x40,
//0x39,0x80,0x19,0x80,0x19,0x80,0x19,0x80,0x10,0x00,0x00,0x00,0x00,0x00,0x00,0x00,/*"w",87*/
///* (12 X 24 , 宋体 )*/

//0x00,0x00,0x00,0x00,0x00,0x00,0x00,0x00,0x00,0x00,0x00,0x00,0x00,0x00,0x00,0x00,
//0x00,0x00,0x00,0x00,0x3D,0xE0,0x18,0x80,0x08,0x80,0x0D,0x00,0x06,0x00,0x06,0x00,
//0x07,0x00,0x09,0x00,0x10,0x80,0x10,0xC0,0x79,0xE0,0x00,0x00,0x00,0x00,0x00,0x00,/*"x",88*/
///* (12 X 24 , 宋体 )*/

//0x00,0x00,0x00,0x00,0x00,0x00,0x00,0x00,0x00,0x00,0x00,0x00,0x00,0x00,0x00,0x00,
//0x00,0x00,0x00,0x00,0x79,0xE0,0x10,0x80,0x10,0x80,0x10,0x80,0x09,0x00,0x09,0x00,
//0x0D,0x00,0x06,0x00,0x06,0x00,0x06,0x00,0x04,0x00,0x04,0x00,0x24,0x00,0x38,0x00,/*"y",89*/
///* (12 X 24 , 宋体 )*/

//0x00,0x00,0x00,0x00,0x00,0x00,0x00,0x00,0x00,0x00,0x00,0x00,0x00,0x00,0x00,0x00,
//0x00,0x00,0x00,0x00,0x3F,0x80,0x21,0x80,0x23,0x00,0x22,0x00,0x06,0x00,0x04,0x00,
//0x0C,0x00,0x18,0x40,0x10,0x40,0x30,0xC0,0x3F,0x80,0x00,0x00,0x00,0x00,0x00,0x00,/*"z",90*/
///* (12 X 24 , 宋体 )*/

//0x00,0x00,0x00,0x00,0x00,0xC0,0x01,0x00,0x01,0x00,0x01,0x00,0x01,0x00,0x01,0x00,
//0x01,0x00,0x01,0x00,0x01,0x00,0x02,0x00,0x04,0x00,0x02,0x00,0x01,0x00,0x01,0x00,
//0x01,0x00,0x01,0x00,0x01,0x00,0x01,0x00,0x01,0x00,0x01,0x00,0x00,0xC0,0x00,0x00,/*"{",91*/
///* (12 X 24 , 宋体 )*/

//0x02,0x00,0x02,0x00,0x02,0x00,0x02,0x00,0x02,0x00,0x02,0x00,0x02,0x00,0x02,0x00,
//0x02,0x00,0x02,0x00,0x02,0x00,0x02,0x00,0x02,0x00,0x02,0x00,0x02,0x00,0x02,0x00,
//0x02,0x00,0x02,0x00,0x02,0x00,0x02,0x00,0x02,0x00,0x02,0x00,0x02,0x00,0x02,0x00,/*"|",92*/
///* (12 X 24 , 宋体 )*/

//0x00,0x00,0x00,0x00,0x30,0x00,0x08,0x00,0x08,0x00,0x08,0x00,0x08,0x00,0x08,0x00,
//0x08,0x00,0x08,0x00,0x08,0x00,0x04,0x00,0x02,0x00,0x04,0x00,0x08,0x00,0x08,0x00,
//0x08,0x00,0x08,0x00,0x08,0x00,0x08,0x00,0x08,0x00,0x08,0x00,0x30,0x00,0x00,0x00,/*"}",93*/
///* (12 X 24 , 宋体 )*/

//0x00,0x00,0x38,0x00,0x44,0x20,0x43,0x20,0x01,0xC0,0x00,0x00,0x00,0x00,0x00,0x00,
//0x00,0x00,0x00,0x00,0x00,0x00,0x00,0x00,0x00,0x00,0x00,0x00,0x00,0x00,0x00,0x00,
//0x00,0x00,0x00,0x00,0x00,0x00,0x00,0x00,0x00,0x00,0x00,0x00,0x00,0x00,0x00,0x00,/*"~",94*/
///* (12 X 24 , 宋体 )*/

//};


//const uint8_t front_data_32[1]={0};
const uint8_t front_data_32[]={
0x00,0x00,0x00,0x00,0x00,0x00,0x00,0x00,0x00,0x00,0x00,0x00,0x00,0x00,0x00,0x00,
0x00,0x00,0x00,0x00,0x00,0x00,0x00,0x00,0x00,0x00,0x00,0x00,0x00,0x00,0x00,0x00,
0x00,0x00,0x00,0x00,0x00,0x00,0x00,0x00,0x00,0x00,0x00,0x00,0x00,0x00,0x00,0x00,
0x00,0x00,0x00,0x00,0x00,0x00,0x00,0x00,0x00,0x00,0x00,0x00,0x00,0x00,0x00,0x00,/*" ",0*/
/* (16 X 32 , 宋体 )*/

0x00,0x00,0x00,0x00,0x00,0x00,0x00,0x00,0x00,0x00,0x00,0x00,0x03,0xC0,0x03,0xC0,
0x03,0xC0,0x03,0xC0,0x03,0xC0,0x03,0xC0,0x01,0xC0,0x01,0x80,0x01,0x80,0x01,0x80,
0x01,0x80,0x01,0x80,0x01,0x80,0x01,0x80,0x01,0x80,0x00,0x00,0x00,0x00,0x00,0x00,
0x01,0x80,0x03,0xC0,0x03,0xC0,0x01,0x80,0x00,0x00,0x00,0x00,0x00,0x00,0x00,0x00,/*"!",1*/
/* (16 X 32 , 宋体 )*/

0x00,0x00,0x00,0x00,0x03,0x18,0x07,0x38,0x07,0x38,0x0E,0x70,0x0C,0x60,0x18,0xC0,
0x31,0x80,0x21,0x00,0x00,0x00,0x00,0x00,0x00,0x00,0x00,0x00,0x00,0x00,0x00,0x00,
0x00,0x00,0x00,0x00,0x00,0x00,0x00,0x00,0x00,0x00,0x00,0x00,0x00,0x00,0x00,0x00,
0x00,0x00,0x00,0x00,0x00,0x00,0x00,0x00,0x00,0x00,0x00,0x00,0x00,0x00,0x00,0x00,/*""",2*/
/* (16 X 32 , 宋体 )*/

0x00,0x00,0x00,0x00,0x00,0x00,0x00,0x00,0x00,0x00,0x00,0x00,0x04,0x08,0x04,0x08,
0x04,0x08,0x04,0x08,0x04,0x08,0x7F,0xFE,0x7F,0xFE,0x7F,0xFE,0x08,0x10,0x08,0x10,
0x08,0x10,0x08,0x10,0x08,0x10,0x08,0x10,0x7F,0xFE,0x7F,0xFE,0x7F,0xFE,0x18,0x30,
0x10,0x20,0x10,0x20,0x10,0x20,0x10,0x20,0x00,0x00,0x00,0x00,0x00,0x00,0x00,0x00,/*"#",3*/
/* (16 X 32 , 宋体 )*/

0x00,0x00,0x00,0x00,0x00,0x00,0x00,0x00,0x01,0x00,0x01,0x00,0x03,0xC0,0x0D,0x30,
0x09,0x18,0x19,0x18,0x19,0x38,0x19,0x38,0x1D,0x00,0x0D,0x00,0x0F,0x00,0x07,0x00,
0x03,0xC0,0x01,0xE0,0x01,0xF0,0x01,0x30,0x01,0x38,0x01,0x18,0x39,0x18,0x39,0x18,
0x31,0x18,0x31,0x30,0x19,0x60,0x07,0xC0,0x01,0x00,0x01,0x00,0x01,0x00,0x00,0x00,/*"$",4*/
/* (16 X 32 , 宋体 )*/

0x00,0x00,0x00,0x00,0x00,0x00,0x00,0x00,0x00,0x00,0x00,0x00,0x38,0x10,0x6C,0x10,
0x44,0x20,0xC6,0x20,0xC6,0x40,0xC6,0x40,0xC6,0x40,0xC6,0x80,0xC6,0x80,0x44,0x80,
0x6D,0x38,0x39,0x6C,0x02,0x44,0x02,0xC6,0x02,0xC6,0x04,0xC6,0x04,0xC6,0x08,0xC6,
0x08,0xC6,0x08,0x44,0x10,0x6C,0x10,0x38,0x00,0x00,0x00,0x00,0x00,0x00,0x00,0x00,/*"%",5*/
/* (16 X 32 , 宋体 )*/

0x00,0x00,0x00,0x00,0x00,0x00,0x00,0x00,0x00,0x00,0x00,0x00,0x0F,0x00,0x19,0x00,
0x31,0x80,0x31,0x80,0x31,0x80,0x31,0x80,0x31,0x00,0x33,0x00,0x3A,0x00,0x1C,0x00,
0x38,0x7C,0x3C,0x10,0x4C,0x10,0xCE,0x10,0xC6,0x20,0xC7,0x20,0xC3,0x20,0xC1,0xC0,
0xC1,0xC2,0x60,0xE6,0x31,0x7C,0x1E,0x38,0x00,0x00,0x00,0x00,0x00,0x00,0x00,0x00,/*"&",6*/
/* (16 X 32 , 宋体 )*/

0x00,0x00,0x00,0x00,0x38,0x00,0x3C,0x00,0x3C,0x00,0x0C,0x00,0x0C,0x00,0x08,0x00,
0x30,0x00,0x60,0x00,0x00,0x00,0x00,0x00,0x00,0x00,0x00,0x00,0x00,0x00,0x00,0x00,
0x00,0x00,0x00,0x00,0x00,0x00,0x00,0x00,0x00,0x00,0x00,0x00,0x00,0x00,0x00,0x00,
0x00,0x00,0x00,0x00,0x00,0x00,0x00,0x00,0x00,0x00,0x00,0x00,0x00,0x00,0x00,0x00,/*"'",7*/
/* (16 X 32 , 宋体 )*/

0x00,0x00,0x00,0x00,0x00,0x02,0x00,0x04,0x00,0x08,0x00,0x18,0x00,0x30,0x00,0x20,
0x00,0x60,0x00,0x40,0x00,0xC0,0x00,0xC0,0x01,0x80,0x01,0x80,0x01,0x80,0x01,0x80,
0x01,0x80,0x01,0x80,0x01,0x80,0x01,0x80,0x01,0x80,0x00,0xC0,0x00,0xC0,0x00,0x40,
0x00,0x60,0x00,0x20,0x00,0x30,0x00,0x18,0x00,0x08,0x00,0x04,0x00,0x02,0x00,0x00,/*"(",8*/
/* (16 X 32 , 宋体 )*/

0x00,0x00,0x00,0x00,0x40,0x00,0x20,0x00,0x10,0x00,0x18,0x00,0x0C,0x00,0x04,0x00,
0x06,0x00,0x02,0x00,0x03,0x00,0x03,0x00,0x01,0x80,0x01,0x80,0x01,0x80,0x01,0x80,
0x01,0x80,0x01,0x80,0x01,0x80,0x01,0x80,0x01,0x80,0x03,0x00,0x03,0x00,0x03,0x00,
0x06,0x00,0x04,0x00,0x0C,0x00,0x18,0x00,0x10,0x00,0x20,0x00,0x40,0x00,0x00,0x00,/*")",9*/
/* (16 X 32 , 宋体 )*/

0x00,0x00,0x00,0x00,0x00,0x00,0x00,0x00,0x00,0x00,0x00,0x00,0x00,0x00,0x00,0x00,
0x00,0xC0,0x01,0xC0,0x01,0xC0,0x30,0xC6,0x38,0x8E,0x1C,0x9C,0x06,0xB0,0x01,0xC0,
0x01,0xC0,0x06,0xB0,0x1C,0x9C,0x38,0x8E,0x31,0x86,0x01,0xC0,0x01,0xC0,0x01,0xC0,
0x00,0x00,0x00,0x00,0x00,0x00,0x00,0x00,0x00,0x00,0x00,0x00,0x00,0x00,0x00,0x00,/*"*",10*/
/* (16 X 32 , 宋体 )*/

0x00,0x00,0x00,0x00,0x00,0x00,0x00,0x00,0x00,0x00,0x00,0x00,0x00,0x00,0x00,0x00,
0x00,0x00,0x00,0x80,0x00,0x80,0x00,0x80,0x00,0x80,0x00,0x80,0x00,0x80,0x00,0x80,
0x3F,0xFE,0x00,0x80,0x00,0x80,0x00,0x80,0x00,0x80,0x00,0x80,0x00,0x80,0x00,0x80,
0x00,0x00,0x00,0x00,0x00,0x00,0x00,0x00,0x00,0x00,0x00,0x00,0x00,0x00,0x00,0x00,/*"+",11*/
/* (16 X 32 , 宋体 )*/

0x00,0x00,0x00,0x00,0x00,0x00,0x00,0x00,0x00,0x00,0x00,0x00,0x00,0x00,0x00,0x00,
0x00,0x00,0x00,0x00,0x00,0x00,0x00,0x00,0x00,0x00,0x00,0x00,0x00,0x00,0x00,0x00,
0x00,0x00,0x00,0x00,0x00,0x00,0x00,0x00,0x00,0x00,0x00,0x00,0x00,0x00,0x00,0x00,
0x38,0x00,0x3C,0x00,0x3C,0x00,0x0C,0x00,0x0C,0x00,0x08,0x00,0x30,0x00,0x60,0x00,/*",",12*/
/* (16 X 32 , 宋体 )*/

0x00,0x00,0x00,0x00,0x00,0x00,0x00,0x00,0x00,0x00,0x00,0x00,0x00,0x00,0x00,0x00,
0x00,0x00,0x00,0x00,0x00,0x00,0x00,0x00,0x00,0x00,0x00,0x00,0x00,0x00,0x00,0x00,
0x7F,0xFE,0x00,0x00,0x00,0x00,0x00,0x00,0x00,0x00,0x00,0x00,0x00,0x00,0x00,0x00,
0x00,0x00,0x00,0x00,0x00,0x00,0x00,0x00,0x00,0x00,0x00,0x00,0x00,0x00,0x00,0x00,/*"-",13*/
/* (16 X 32 , 宋体 )*/

0x00,0x00,0x00,0x00,0x00,0x00,0x00,0x00,0x00,0x00,0x00,0x00,0x00,0x00,0x00,0x00,
0x00,0x00,0x00,0x00,0x00,0x00,0x00,0x00,0x00,0x00,0x00,0x00,0x00,0x00,0x00,0x00,
0x00,0x00,0x00,0x00,0x00,0x00,0x00,0x00,0x00,0x00,0x00,0x00,0x00,0x00,0x00,0x00,
0x18,0x00,0x3C,0x00,0x3C,0x00,0x18,0x00,0x00,0x00,0x00,0x00,0x00,0x00,0x00,0x00,/*".",14*/
/* (16 X 32 , 宋体 )*/

0x00,0x00,0x00,0x00,0x00,0x00,0x00,0x02,0x00,0x06,0x00,0x04,0x00,0x0C,0x00,0x08,
0x00,0x18,0x00,0x10,0x00,0x30,0x00,0x20,0x00,0x60,0x00,0x40,0x00,0xC0,0x00,0x80,
0x01,0x80,0x01,0x00,0x03,0x00,0x02,0x00,0x06,0x00,0x04,0x00,0x0C,0x00,0x08,0x00,
0x18,0x00,0x10,0x00,0x30,0x00,0x20,0x00,0x60,0x00,0x40,0x00,0x00,0x00,0x00,0x00,/*"/",15*/
/* (16 X 32 , 宋体 )*/

0x00,0x00,0x00,0x00,0x00,0x00,0x00,0x00,0x00,0x00,0x00,0x00,0x03,0xC0,0x06,0x20,
0x0C,0x30,0x18,0x18,0x18,0x18,0x18,0x08,0x30,0x0C,0x30,0x0C,0x30,0x0C,0x30,0x0C,
0x30,0x0C,0x30,0x0C,0x30,0x0C,0x30,0x0C,0x30,0x0C,0x30,0x0C,0x18,0x08,0x18,0x18,
0x18,0x18,0x0C,0x30,0x06,0x20,0x03,0xC0,0x00,0x00,0x00,0x00,0x00,0x00,0x00,0x00,/*"0",16*/
/* (16 X 32 , 宋体 )*/

0x00,0x00,0x00,0x00,0x00,0x00,0x00,0x00,0x00,0x00,0x00,0x00,0x00,0x80,0x01,0x80,
0x1F,0x80,0x01,0x80,0x01,0x80,0x01,0x80,0x01,0x80,0x01,0x80,0x01,0x80,0x01,0x80,
0x01,0x80,0x01,0x80,0x01,0x80,0x01,0x80,0x01,0x80,0x01,0x80,0x01,0x80,0x01,0x80,
0x01,0x80,0x01,0x80,0x03,0xC0,0x1F,0xF8,0x00,0x00,0x00,0x00,0x00,0x00,0x00,0x00,/*"1",17*/
/* (16 X 32 , 宋体 )*/

0x00,0x00,0x00,0x00,0x00,0x00,0x00,0x00,0x00,0x00,0x00,0x00,0x07,0xE0,0x08,0x38,
0x10,0x18,0x20,0x0C,0x20,0x0C,0x30,0x0C,0x30,0x0C,0x00,0x0C,0x00,0x18,0x00,0x18,
0x00,0x30,0x00,0x60,0x00,0xC0,0x01,0x80,0x03,0x00,0x02,0x00,0x04,0x04,0x08,0x04,
0x10,0x04,0x20,0x0C,0x3F,0xF8,0x3F,0xF8,0x00,0x00,0x00,0x00,0x00,0x00,0x00,0x00,/*"2",18*/
/* (16 X 32 , 宋体 )*/

0x00,0x00,0x00,0x00,0x00,0x00,0x00,0x00,0x00,0x00,0x00,0x00,0x07,0xC0,0x18,0x60,
0x30,0x30,0x30,0x18,0x30,0x18,0x30,0x18,0x00,0x18,0x00,0x18,0x00,0x30,0x00,0x60,
0x03,0xC0,0x00,0x70,0x00,0x18,0x00,0x08,0x00,0x0C,0x00,0x0C,0x30,0x0C,0x30,0x0C,
0x30,0x08,0x30,0x18,0x18,0x30,0x07,0xC0,0x00,0x00,0x00,0x00,0x00,0x00,0x00,0x00,/*"3",19*/
/* (16 X 32 , 宋体 )*/

0x00,0x00,0x00,0x00,0x00,0x00,0x00,0x00,0x00,0x00,0x00,0x00,0x00,0x60,0x00,0x60,
0x00,0xE0,0x00,0xE0,0x01,0x60,0x01,0x60,0x02,0x60,0x04,0x60,0x04,0x60,0x08,0x60,
0x08,0x60,0x10,0x60,0x30,0x60,0x20,0x60,0x40,0x60,0x7F,0xFC,0x00,0x60,0x00,0x60,
0x00,0x60,0x00,0x60,0x00,0x60,0x03,0xFC,0x00,0x00,0x00,0x00,0x00,0x00,0x00,0x00,/*"4",20*/
/* (16 X 32 , 宋体 )*/

0x00,0x00,0x00,0x00,0x00,0x00,0x00,0x00,0x00,0x00,0x00,0x00,0x0F,0xFC,0x0F,0xFC,
0x10,0x00,0x10,0x00,0x10,0x00,0x10,0x00,0x10,0x00,0x10,0x00,0x13,0xE0,0x14,0x30,
0x18,0x18,0x10,0x08,0x00,0x0C,0x00,0x0C,0x00,0x0C,0x00,0x0C,0x30,0x0C,0x30,0x0C,
0x20,0x18,0x20,0x18,0x18,0x30,0x07,0xC0,0x00,0x00,0x00,0x00,0x00,0x00,0x00,0x00,/*"5",21*/
/* (16 X 32 , 宋体 )*/

0x00,0x00,0x00,0x00,0x00,0x00,0x00,0x00,0x00,0x00,0x00,0x00,0x01,0xE0,0x06,0x18,
0x0C,0x18,0x08,0x18,0x18,0x00,0x10,0x00,0x10,0x00,0x30,0x00,0x33,0xE0,0x36,0x30,
0x38,0x18,0x38,0x08,0x30,0x0C,0x30,0x0C,0x30,0x0C,0x30,0x0C,0x30,0x0C,0x18,0x0C,
0x18,0x08,0x0C,0x18,0x0E,0x30,0x03,0xE0,0x00,0x00,0x00,0x00,0x00,0x00,0x00,0x00,/*"6",22*/
/* (16 X 32 , 宋体 )*/

0x00,0x00,0x00,0x00,0x00,0x00,0x00,0x00,0x00,0x00,0x00,0x00,0x1F,0xFC,0x1F,0xFC,
0x10,0x08,0x30,0x10,0x20,0x10,0x20,0x20,0x00,0x20,0x00,0x40,0x00,0x40,0x00,0x40,
0x00,0x80,0x00,0x80,0x01,0x00,0x01,0x00,0x01,0x00,0x01,0x00,0x03,0x00,0x03,0x00,
0x03,0x00,0x03,0x00,0x03,0x00,0x03,0x00,0x00,0x00,0x00,0x00,0x00,0x00,0x00,0x00,/*"7",23*/
/* (16 X 32 , 宋体 )*/

0x00,0x00,0x00,0x00,0x00,0x00,0x00,0x00,0x00,0x00,0x00,0x00,0x07,0xE0,0x0C,0x30,
0x18,0x18,0x30,0x0C,0x30,0x0C,0x30,0x0C,0x38,0x0C,0x38,0x08,0x1E,0x18,0x0F,0x20,
0x07,0xC0,0x18,0xF0,0x30,0x78,0x30,0x38,0x60,0x1C,0x60,0x0C,0x60,0x0C,0x60,0x0C,
0x60,0x0C,0x30,0x18,0x18,0x30,0x07,0xC0,0x00,0x00,0x00,0x00,0x00,0x00,0x00,0x00,/*"8",24*/
/* (16 X 32 , 宋体 )*/

0x00,0x00,0x00,0x00,0x00,0x00,0x00,0x00,0x00,0x00,0x00,0x00,0x07,0xC0,0x18,0x20,
0x30,0x10,0x30,0x18,0x60,0x08,0x60,0x0C,0x60,0x0C,0x60,0x0C,0x60,0x0C,0x60,0x0C,
0x70,0x1C,0x30,0x2C,0x18,0x6C,0x0F,0x8C,0x00,0x0C,0x00,0x18,0x00,0x18,0x00,0x10,
0x30,0x30,0x30,0x60,0x30,0xC0,0x0F,0x80,0x00,0x00,0x00,0x00,0x00,0x00,0x00,0x00,/*"9",25*/
/* (16 X 32 , 宋体 )*/

0x00,0x00,0x00,0x00,0x00,0x00,0x00,0x00,0x00,0x00,0x00,0x00,0x00,0x00,0x00,0x00,
0x00,0x00,0x00,0x00,0x00,0x00,0x00,0x00,0x00,0x00,0x01,0x80,0x03,0xC0,0x03,0xC0,
0x01,0x80,0x00,0x00,0x00,0x00,0x00,0x00,0x00,0x00,0x00,0x00,0x00,0x00,0x00,0x00,
0x01,0x80,0x03,0xC0,0x03,0xC0,0x01,0x80,0x00,0x00,0x00,0x00,0x00,0x00,0x00,0x00,/*":",26*/
/* (16 X 32 , 宋体 )*/

0x00,0x00,0x00,0x00,0x00,0x00,0x00,0x00,0x00,0x00,0x00,0x00,0x00,0x00,0x00,0x00,
0x00,0x00,0x00,0x00,0x00,0x00,0x00,0x00,0x00,0x00,0x00,0x00,0x03,0x80,0x03,0x80,
0x03,0x80,0x00,0x00,0x00,0x00,0x00,0x00,0x00,0x00,0x00,0x00,0x00,0x00,0x00,0x00,
0x00,0x00,0x03,0x80,0x03,0x80,0x03,0x80,0x01,0x80,0x03,0x00,0x03,0x00,0x00,0x00,/*";",27*/
/* (16 X 32 , 宋体 )*/

0x00,0x00,0x00,0x00,0x00,0x00,0x00,0x00,0x00,0x00,0x00,0x00,0x00,0x04,0x00,0x08,
0x00,0x10,0x00,0x20,0x00,0x40,0x00,0x80,0x01,0x00,0x02,0x00,0x04,0x00,0x08,0x00,
0x10,0x00,0x10,0x00,0x08,0x00,0x04,0x00,0x02,0x00,0x01,0x00,0x00,0x80,0x00,0x40,
0x00,0x20,0x00,0x10,0x00,0x08,0x00,0x04,0x00,0x00,0x00,0x00,0x00,0x00,0x00,0x00,/*"<",28*/
/* (16 X 32 , 宋体 )*/

0x00,0x00,0x00,0x00,0x00,0x00,0x00,0x00,0x00,0x00,0x00,0x00,0x00,0x00,0x00,0x00,
0x00,0x00,0x00,0x00,0x00,0x00,0x00,0x00,0x00,0x00,0x7F,0xFE,0x00,0x00,0x00,0x00,
0x00,0x00,0x00,0x00,0x00,0x00,0x7F,0xFE,0x00,0x00,0x00,0x00,0x00,0x00,0x00,0x00,
0x00,0x00,0x00,0x00,0x00,0x00,0x00,0x00,0x00,0x00,0x00,0x00,0x00,0x00,0x00,0x00,/*"=",29*/
/* (16 X 32 , 宋体 )*/

0x00,0x00,0x00,0x00,0x00,0x00,0x00,0x00,0x00,0x00,0x00,0x00,0x20,0x00,0x10,0x00,
0x08,0x00,0x04,0x00,0x02,0x00,0x01,0x00,0x00,0x80,0x00,0x40,0x00,0x20,0x00,0x10,
0x00,0x08,0x00,0x08,0x00,0x10,0x00,0x20,0x00,0x40,0x00,0x80,0x01,0x00,0x02,0x00,
0x04,0x00,0x08,0x00,0x10,0x00,0x20,0x00,0x00,0x00,0x00,0x00,0x00,0x00,0x00,0x00,/*">",30*/
/* (16 X 32 , 宋体 )*/

0x00,0x00,0x00,0x00,0x00,0x00,0x00,0x00,0x00,0x00,0x00,0x00,0x03,0xE0,0x0C,0x18,
0x18,0x0C,0x10,0x06,0x30,0x06,0x38,0x06,0x38,0x06,0x38,0x06,0x00,0x0C,0x00,0x18,
0x00,0x70,0x00,0xC0,0x00,0x80,0x00,0x80,0x00,0x80,0x00,0x80,0x00,0x00,0x00,0x00,
0x01,0x80,0x03,0xC0,0x03,0xC0,0x01,0x80,0x00,0x00,0x00,0x00,0x00,0x00,0x00,0x00,/*"?",31*/
/* (16 X 32 , 宋体 )*/

0x00,0x00,0x00,0x00,0x00,0x00,0x00,0x00,0x00,0x00,0x00,0x00,0x03,0xE0,0x06,0x10,
0x0C,0x08,0x18,0x04,0x30,0xD4,0x31,0xB2,0x21,0x32,0x63,0x32,0x63,0x22,0x66,0x22,
0x66,0x22,0x66,0x22,0x66,0x62,0x66,0x64,0x66,0x64,0x26,0xE8,0x33,0x30,0x30,0x02,
0x10,0x04,0x18,0x0C,0x0C,0x18,0x03,0xE0,0x00,0x00,0x00,0x00,0x00,0x00,0x00,0x00,/*"@",32*/
/* (16 X 32 , 宋体 )*/

0x00,0x00,0x00,0x00,0x00,0x00,0x00,0x00,0x00,0x00,0x00,0x00,0x03,0x80,0x03,0x80,
0x03,0x80,0x03,0x80,0x04,0xC0,0x04,0xC0,0x04,0xC0,0x04,0xC0,0x0C,0x40,0x08,0x60,
0x08,0x60,0x08,0x60,0x18,0x20,0x1F,0xF0,0x10,0x30,0x10,0x30,0x10,0x30,0x20,0x18,
0x20,0x18,0x20,0x18,0x60,0x1C,0xF8,0x3E,0x00,0x00,0x00,0x00,0x00,0x00,0x00,0x00,/*"A",33*/
/* (16 X 32 , 宋体 )*/

0x00,0x00,0x00,0x00,0x00,0x00,0x00,0x00,0x00,0x00,0x00,0x00,0x7F,0xE0,0x18,0x38,
0x18,0x18,0x18,0x0C,0x18,0x0C,0x18,0x0C,0x18,0x0C,0x18,0x0C,0x18,0x18,0x18,0x30,
0x1F,0xE0,0x18,0x18,0x18,0x0C,0x18,0x04,0x18,0x06,0x18,0x06,0x18,0x06,0x18,0x06,
0x18,0x06,0x18,0x0C,0x18,0x18,0x7F,0xF0,0x00,0x00,0x00,0x00,0x00,0x00,0x00,0x00,/*"B",34*/
/* (16 X 32 , 宋体 )*/

0x00,0x00,0x00,0x00,0x00,0x00,0x00,0x00,0x00,0x00,0x00,0x00,0x03,0xE0,0x06,0x1C,
0x08,0x0C,0x18,0x06,0x30,0x02,0x30,0x02,0x30,0x00,0x60,0x00,0x60,0x00,0x60,0x00,
0x60,0x00,0x60,0x00,0x60,0x00,0x60,0x00,0x60,0x00,0x60,0x00,0x30,0x02,0x30,0x02,
0x10,0x04,0x18,0x08,0x0C,0x10,0x03,0xE0,0x00,0x00,0x00,0x00,0x00,0x00,0x00,0x00,/*"C",35*/
/* (16 X 32 , 宋体 )*/

0x00,0x00,0x00,0x00,0x00,0x00,0x00,0x00,0x00,0x00,0x00,0x00,0x7F,0xC0,0x18,0x70,
0x18,0x18,0x18,0x08,0x18,0x0C,0x18,0x0C,0x18,0x06,0x18,0x06,0x18,0x06,0x18,0x06,
0x18,0x06,0x18,0x06,0x18,0x06,0x18,0x06,0x18,0x06,0x18,0x04,0x18,0x0C,0x18,0x0C,
0x18,0x18,0x18,0x18,0x18,0x60,0x7F,0xC0,0x00,0x00,0x00,0x00,0x00,0x00,0x00,0x00,/*"D",36*/
/* (16 X 32 , 宋体 )*/

0x00,0x00,0x00,0x00,0x00,0x00,0x00,0x00,0x00,0x00,0x00,0x00,0x7F,0xFC,0x18,0x0C,
0x18,0x04,0x18,0x02,0x18,0x02,0x18,0x00,0x18,0x00,0x18,0x10,0x18,0x10,0x18,0x30,
0x1F,0xF0,0x18,0x30,0x18,0x10,0x18,0x10,0x18,0x00,0x18,0x00,0x18,0x00,0x18,0x02,
0x18,0x02,0x18,0x04,0x18,0x0C,0x7F,0xFC,0x00,0x00,0x00,0x00,0x00,0x00,0x00,0x00,/*"E",37*/
/* (16 X 32 , 宋体 )*/

0x00,0x00,0x00,0x00,0x00,0x00,0x00,0x00,0x00,0x00,0x00,0x00,0x7F,0xFC,0x18,0x1C,
0x18,0x04,0x18,0x02,0x18,0x02,0x18,0x00,0x18,0x00,0x18,0x10,0x18,0x10,0x18,0x30,
0x1F,0xF0,0x18,0x30,0x18,0x10,0x18,0x10,0x18,0x10,0x18,0x00,0x18,0x00,0x18,0x00,
0x18,0x00,0x18,0x00,0x18,0x00,0x7E,0x00,0x00,0x00,0x00,0x00,0x00,0x00,0x00,0x00,/*"F",38*/
/* (16 X 32 , 宋体 )*/

0x00,0x00,0x00,0x00,0x00,0x00,0x00,0x00,0x00,0x00,0x00,0x00,0x03,0xC0,0x0C,0x30,
0x08,0x10,0x18,0x18,0x30,0x08,0x30,0x08,0x20,0x00,0x60,0x00,0x60,0x00,0x60,0x00,
0x60,0x00,0x60,0x00,0x60,0x7E,0x60,0x18,0x60,0x18,0x20,0x18,0x30,0x18,0x30,0x18,
0x10,0x18,0x18,0x18,0x0C,0x20,0x07,0xC0,0x00,0x00,0x00,0x00,0x00,0x00,0x00,0x00,/*"G",39*/
/* (16 X 32 , 宋体 )*/

0x00,0x00,0x00,0x00,0x00,0x00,0x00,0x00,0x00,0x00,0x00,0x00,0xFC,0x3F,0x30,0x0C,
0x30,0x0C,0x30,0x0C,0x30,0x0C,0x30,0x0C,0x30,0x0C,0x30,0x0C,0x30,0x0C,0x30,0x0C,
0x3F,0xFC,0x30,0x0C,0x30,0x0C,0x30,0x0C,0x30,0x0C,0x30,0x0C,0x30,0x0C,0x30,0x0C,
0x30,0x0C,0x30,0x0C,0x30,0x0C,0xFC,0x3F,0x00,0x00,0x00,0x00,0x00,0x00,0x00,0x00,/*"H",40*/
/* (16 X 32 , 宋体 )*/

0x00,0x00,0x00,0x00,0x00,0x00,0x00,0x00,0x00,0x00,0x00,0x00,0x1F,0xF8,0x01,0x80,
0x01,0x80,0x01,0x80,0x01,0x80,0x01,0x80,0x01,0x80,0x01,0x80,0x01,0x80,0x01,0x80,
0x01,0x80,0x01,0x80,0x01,0x80,0x01,0x80,0x01,0x80,0x01,0x80,0x01,0x80,0x01,0x80,
0x01,0x80,0x01,0x80,0x01,0x80,0x1F,0xF8,0x00,0x00,0x00,0x00,0x00,0x00,0x00,0x00,/*"I",41*/
/* (16 X 32 , 宋体 )*/

0x00,0x00,0x00,0x00,0x00,0x00,0x00,0x00,0x00,0x00,0x00,0x00,0x07,0xFE,0x00,0x60,
0x00,0x60,0x00,0x60,0x00,0x60,0x00,0x60,0x00,0x60,0x00,0x60,0x00,0x60,0x00,0x60,
0x00,0x60,0x00,0x60,0x00,0x60,0x00,0x60,0x00,0x60,0x00,0x60,0x00,0x60,0x00,0x60,
0x00,0x60,0x00,0x60,0x00,0x60,0x00,0x60,0x70,0x60,0x70,0xC0,0x71,0x80,0x3F,0x00,/*"J",42*/
/* (16 X 32 , 宋体 )*/

0x00,0x00,0x00,0x00,0x00,0x00,0x00,0x00,0x00,0x00,0x00,0x00,0x7E,0x7C,0x18,0x30,
0x18,0x20,0x18,0x60,0x18,0x40,0x18,0x80,0x18,0x80,0x19,0x00,0x19,0x00,0x1B,0x00,
0x1D,0x80,0x1D,0x80,0x18,0xC0,0x18,0xC0,0x18,0x60,0x18,0x60,0x18,0x30,0x18,0x30,
0x18,0x30,0x18,0x18,0x18,0x18,0x7E,0x3E,0x00,0x00,0x00,0x00,0x00,0x00,0x00,0x00,/*"K",43*/
/* (16 X 32 , 宋体 )*/

0x00,0x00,0x00,0x00,0x00,0x00,0x00,0x00,0x00,0x00,0x00,0x00,0x7E,0x00,0x18,0x00,
0x18,0x00,0x18,0x00,0x18,0x00,0x18,0x00,0x18,0x00,0x18,0x00,0x18,0x00,0x18,0x00,
0x18,0x00,0x18,0x00,0x18,0x00,0x18,0x00,0x18,0x00,0x18,0x00,0x18,0x00,0x18,0x02,
0x18,0x02,0x18,0x04,0x18,0x0C,0x7F,0xFC,0x00,0x00,0x00,0x00,0x00,0x00,0x00,0x00,/*"L",44*/
/* (16 X 32 , 宋体 )*/

0x00,0x00,0x00,0x00,0x00,0x00,0x00,0x00,0x00,0x00,0x00,0x00,0xF0,0x0F,0x38,0x1C,
0x38,0x1C,0x38,0x1C,0x38,0x1C,0x38,0x2C,0x2C,0x2C,0x2C,0x2C,0x2C,0x2C,0x2C,0x4C,
0x2C,0x4C,0x26,0x4C,0x26,0x4C,0x26,0x4C,0x26,0x8C,0x22,0x8C,0x23,0x8C,0x23,0x8C,
0x23,0x0C,0x23,0x0C,0x21,0x0C,0xF1,0x3F,0x00,0x00,0x00,0x00,0x00,0x00,0x00,0x00,/*"M",45*/
/* (16 X 32 , 宋体 )*/

0x00,0x00,0x00,0x00,0x00,0x00,0x00,0x00,0x00,0x00,0x00,0x00,0xF0,0x1F,0x38,0x04,
0x38,0x04,0x2C,0x04,0x2C,0x04,0x26,0x04,0x26,0x04,0x23,0x04,0x23,0x04,0x21,0x84,
0x21,0x84,0x20,0xC4,0x20,0xC4,0x20,0x64,0x20,0x64,0x20,0x34,0x20,0x34,0x20,0x1C,
0x20,0x1C,0x20,0x0C,0x20,0x0C,0xF8,0x04,0x00,0x00,0x00,0x00,0x00,0x00,0x00,0x00,/*"N",46*/
/* (16 X 32 , 宋体 )*/

0x00,0x00,0x00,0x00,0x00,0x00,0x00,0x00,0x00,0x00,0x00,0x00,0x03,0xC0,0x0C,0x30,
0x18,0x18,0x10,0x08,0x30,0x0C,0x30,0x0C,0x60,0x04,0x60,0x06,0x60,0x06,0x60,0x06,
0x60,0x06,0x60,0x06,0x60,0x06,0x60,0x06,0x60,0x06,0x20,0x06,0x30,0x0C,0x30,0x0C,
0x10,0x08,0x18,0x18,0x0C,0x30,0x03,0xC0,0x00,0x00,0x00,0x00,0x00,0x00,0x00,0x00,/*"O",47*/
/* (16 X 32 , 宋体 )*/

0x00,0x00,0x00,0x00,0x00,0x00,0x00,0x00,0x00,0x00,0x00,0x00,0x7F,0xF0,0x18,0x18,
0x18,0x0C,0x18,0x06,0x18,0x06,0x18,0x06,0x18,0x06,0x18,0x06,0x18,0x06,0x18,0x0C,
0x18,0x18,0x1F,0xE0,0x18,0x00,0x18,0x00,0x18,0x00,0x18,0x00,0x18,0x00,0x18,0x00,
0x18,0x00,0x18,0x00,0x18,0x00,0x7E,0x00,0x00,0x00,0x00,0x00,0x00,0x00,0x00,0x00,/*"P",48*/
/* (16 X 32 , 宋体 )*/

0x00,0x00,0x00,0x00,0x00,0x00,0x00,0x00,0x00,0x00,0x00,0x00,0x03,0xC0,0x0C,0x30,
0x18,0x18,0x10,0x08,0x30,0x0C,0x30,0x0C,0x60,0x06,0x60,0x06,0x60,0x06,0x60,0x06,
0x60,0x06,0x60,0x06,0x60,0x06,0x60,0x06,0x60,0x06,0x60,0x06,0x27,0x84,0x38,0xCC,
0x38,0x6C,0x18,0x78,0x0C,0x70,0x03,0xE0,0x00,0x32,0x00,0x3C,0x00,0x1C,0x00,0x00,/*"Q",49*/
/* (16 X 32 , 宋体 )*/

0x00,0x00,0x00,0x00,0x00,0x00,0x00,0x00,0x00,0x00,0x00,0x00,0x7F,0xE0,0x18,0x38,
0x18,0x18,0x18,0x0C,0x18,0x0C,0x18,0x0C,0x18,0x0C,0x18,0x0C,0x18,0x18,0x18,0x30,
0x1F,0xE0,0x18,0xC0,0x18,0xC0,0x18,0x60,0x18,0x60,0x18,0x60,0x18,0x30,0x18,0x30,
0x18,0x30,0x18,0x18,0x18,0x18,0x7E,0x1E,0x00,0x00,0x00,0x00,0x00,0x00,0x00,0x00,/*"R",50*/
/* (16 X 32 , 宋体 )*/

0x00,0x00,0x00,0x00,0x00,0x00,0x00,0x00,0x00,0x00,0x00,0x00,0x0F,0xC8,0x18,0x78,
0x30,0x18,0x60,0x18,0x60,0x08,0x60,0x08,0x60,0x00,0x70,0x00,0x3C,0x00,0x1F,0x00,
0x07,0xC0,0x01,0xF0,0x00,0x78,0x00,0x18,0x00,0x1C,0x40,0x0C,0x40,0x0C,0x60,0x0C,
0x20,0x0C,0x30,0x18,0x38,0x30,0x27,0xE0,0x00,0x00,0x00,0x00,0x00,0x00,0x00,0x00,/*"S",51*/
/* (16 X 32 , 宋体 )*/

0x00,0x00,0x00,0x00,0x00,0x00,0x00,0x00,0x00,0x00,0x00,0x00,0x3F,0xFC,0x31,0x84,
0x21,0x86,0x41,0x82,0x41,0x82,0x01,0x80,0x01,0x80,0x01,0x80,0x01,0x80,0x01,0x80,
0x01,0x80,0x01,0x80,0x01,0x80,0x01,0x80,0x01,0x80,0x01,0x80,0x01,0x80,0x01,0x80,
0x01,0x80,0x01,0x80,0x01,0x80,0x07,0xE0,0x00,0x00,0x00,0x00,0x00,0x00,0x00,0x00,/*"T",52*/
/* (16 X 32 , 宋体 )*/

0x00,0x00,0x00,0x00,0x00,0x00,0x00,0x00,0x00,0x00,0x00,0x00,0xFC,0x3E,0x30,0x08,
0x30,0x08,0x30,0x08,0x30,0x08,0x30,0x08,0x30,0x08,0x30,0x08,0x30,0x08,0x30,0x08,
0x30,0x08,0x30,0x08,0x30,0x08,0x30,0x08,0x30,0x08,0x30,0x08,0x30,0x08,0x30,0x08,
0x30,0x08,0x18,0x10,0x1C,0x20,0x07,0xC0,0x00,0x00,0x00,0x00,0x00,0x00,0x00,0x00,/*"U",53*/
/* (16 X 32 , 宋体 )*/

0x00,0x00,0x00,0x00,0x00,0x00,0x00,0x00,0x00,0x00,0x00,0x00,0x7C,0x1E,0x18,0x0C,
0x18,0x08,0x18,0x08,0x18,0x08,0x0C,0x10,0x0C,0x10,0x0C,0x10,0x0C,0x10,0x0C,0x20,
0x06,0x20,0x06,0x20,0x06,0x20,0x06,0x40,0x03,0x40,0x03,0x40,0x03,0x40,0x03,0x80,
0x01,0x80,0x01,0x80,0x01,0x00,0x01,0x00,0x00,0x00,0x00,0x00,0x00,0x00,0x00,0x00,/*"V",54*/
/* (16 X 32 , 宋体 )*/

0x00,0x00,0x00,0x00,0x00,0x00,0x00,0x00,0x00,0x00,0x00,0x00,0xF3,0xCF,0x61,0x86,
0x61,0x84,0x21,0x84,0x20,0x84,0x30,0xC4,0x31,0xC4,0x31,0xC4,0x31,0xC8,0x31,0xC8,
0x11,0xC8,0x12,0x48,0x1A,0x68,0x1A,0x68,0x1A,0x70,0x1C,0x70,0x0C,0x70,0x0C,0x70,
0x0C,0x30,0x0C,0x20,0x08,0x20,0x08,0x20,0x00,0x00,0x00,0x00,0x00,0x00,0x00,0x00,/*"W",55*/
/* (16 X 32 , 宋体 )*/

0x00,0x00,0x00,0x00,0x00,0x00,0x00,0x00,0x00,0x00,0x00,0x00,0x7C,0x3E,0x18,0x08,
0x18,0x10,0x0C,0x10,0x0C,0x20,0x06,0x20,0x06,0x40,0x03,0x40,0x03,0x80,0x01,0x80,
0x01,0x80,0x01,0x80,0x01,0xC0,0x02,0xC0,0x02,0x60,0x04,0x60,0x04,0x70,0x08,0x30,
0x08,0x30,0x18,0x18,0x10,0x1C,0x7C,0x3E,0x00,0x00,0x00,0x00,0x00,0x00,0x00,0x00,/*"X",56*/
/* (16 X 32 , 宋体 )*/

0x00,0x00,0x00,0x00,0x00,0x00,0x00,0x00,0x00,0x00,0x00,0x00,0x7E,0x3E,0x38,0x08,
0x18,0x08,0x18,0x10,0x0C,0x10,0x0C,0x10,0x0C,0x20,0x06,0x20,0x06,0x20,0x03,0x40,
0x03,0x40,0x03,0x80,0x01,0x80,0x01,0x80,0x01,0x80,0x01,0x80,0x01,0x80,0x01,0x80,
0x01,0x80,0x01,0x80,0x01,0x80,0x07,0xE0,0x00,0x00,0x00,0x00,0x00,0x00,0x00,0x00,/*"Y",57*/
/* (16 X 32 , 宋体 )*/

0x00,0x00,0x00,0x00,0x00,0x00,0x00,0x00,0x00,0x00,0x00,0x00,0x1F,0xFE,0x1C,0x0C,
0x18,0x0C,0x30,0x18,0x20,0x18,0x00,0x30,0x00,0x60,0x00,0x60,0x00,0xC0,0x00,0xC0,
0x01,0x80,0x01,0x80,0x03,0x00,0x03,0x00,0x06,0x00,0x06,0x00,0x0C,0x00,0x18,0x02,
0x18,0x06,0x30,0x04,0x30,0x1C,0x7F,0xFC,0x00,0x00,0x00,0x00,0x00,0x00,0x00,0x00,/*"Z",58*/
/* (16 X 32 , 宋体 )*/

0x00,0x00,0x00,0x00,0x00,0x00,0x03,0xFC,0x03,0x00,0x03,0x00,0x03,0x00,0x03,0x00,
0x03,0x00,0x03,0x00,0x03,0x00,0x03,0x00,0x03,0x00,0x03,0x00,0x03,0x00,0x03,0x00,
0x03,0x00,0x03,0x00,0x03,0x00,0x03,0x00,0x03,0x00,0x03,0x00,0x03,0x00,0x03,0x00,
0x03,0x00,0x03,0x00,0x03,0x00,0x03,0x00,0x03,0x00,0x03,0xFC,0x00,0x00,0x00,0x00,/*"[",59*/
/* (16 X 32 , 宋体 )*/

0x00,0x00,0x00,0x00,0x00,0x00,0x00,0x00,0x00,0x00,0x18,0x00,0x18,0x00,0x08,0x00,
0x0C,0x00,0x04,0x00,0x06,0x00,0x06,0x00,0x02,0x00,0x03,0x00,0x01,0x00,0x01,0x80,
0x01,0x80,0x00,0x80,0x00,0xC0,0x00,0x40,0x00,0x60,0x00,0x60,0x00,0x30,0x00,0x30,
0x00,0x30,0x00,0x18,0x00,0x18,0x00,0x0C,0x00,0x0C,0x00,0x0C,0x00,0x06,0x00,0x00,/*"\",60*/
/* (16 X 32 , 宋体 )*/

0x00,0x00,0x00,0x00,0x00,0x00,0x3F,0xC0,0x00,0xC0,0x00,0xC0,0x00,0xC0,0x00,0xC0,
0x00,0xC0,0x00,0xC0,0x00,0xC0,0x00,0xC0,0x00,0xC0,0x00,0xC0,0x00,0xC0,0x00,0xC0,
0x00,0xC0,0x00,0xC0,0x00,0xC0,0x00,0xC0,0x00,0xC0,0x00,0xC0,0x00,0xC0,0x00,0xC0,
0x00,0xC0,0x00,0xC0,0x00,0xC0,0x00,0xC0,0x00,0xC0,0x3F,0xC0,0x00,0x00,0x00,0x00,/*"]",61*/
/* (16 X 32 , 宋体 )*/

0x00,0x00,0x00,0x00,0x03,0xC0,0x03,0xE0,0x06,0x20,0x08,0x10,0x00,0x00,0x00,0x00,
0x00,0x00,0x00,0x00,0x00,0x00,0x00,0x00,0x00,0x00,0x00,0x00,0x00,0x00,0x00,0x00,
0x00,0x00,0x00,0x00,0x00,0x00,0x00,0x00,0x00,0x00,0x00,0x00,0x00,0x00,0x00,0x00,
0x00,0x00,0x00,0x00,0x00,0x00,0x00,0x00,0x00,0x00,0x00,0x00,0x00,0x00,0x00,0x00,/*"^",62*/
/* (16 X 32 , 宋体 )*/

0x00,0x00,0x00,0x00,0x00,0x00,0x00,0x00,0x00,0x00,0x00,0x00,0x00,0x00,0x00,0x00,
0x00,0x00,0x00,0x00,0x00,0x00,0x00,0x00,0x00,0x00,0x00,0x00,0x00,0x00,0x00,0x00,
0x00,0x00,0x00,0x00,0x00,0x00,0x00,0x00,0x00,0x00,0x00,0x00,0x00,0x00,0x00,0x00,
0x00,0x00,0x00,0x00,0x00,0x00,0x00,0x00,0x00,0x00,0x00,0x00,0x00,0x00,0xFF,0xFF,/*"_",63*/
/* (16 X 32 , 宋体 )*/

0x00,0x00,0x00,0x00,0x1E,0x00,0x03,0x00,0x00,0x80,0x00,0x00,0x00,0x00,0x00,0x00,
0x00,0x00,0x00,0x00,0x00,0x00,0x00,0x00,0x00,0x00,0x00,0x00,0x00,0x00,0x00,0x00,
0x00,0x00,0x00,0x00,0x00,0x00,0x00,0x00,0x00,0x00,0x00,0x00,0x00,0x00,0x00,0x00,
0x00,0x00,0x00,0x00,0x00,0x00,0x00,0x00,0x00,0x00,0x00,0x00,0x00,0x00,0x00,0x00,/*"`",64*/
/* (16 X 32 , 宋体 )*/

0x00,0x00,0x00,0x00,0x00,0x00,0x00,0x00,0x00,0x00,0x00,0x00,0x00,0x00,0x00,0x00,
0x00,0x00,0x00,0x00,0x00,0x00,0x00,0x00,0x00,0x00,0x07,0xE0,0x18,0x30,0x30,0x18,
0x30,0x18,0x30,0x18,0x00,0x38,0x07,0xD8,0x1C,0x18,0x30,0x18,0x60,0x18,0x60,0x18,
0x60,0x18,0x60,0x19,0x30,0x79,0x1F,0x8E,0x00,0x00,0x00,0x00,0x00,0x00,0x00,0x00,/*"a",65*/
/* (16 X 32 , 宋体 )*/

0x00,0x00,0x00,0x00,0x00,0x00,0x00,0x00,0x00,0x00,0x08,0x00,0x78,0x00,0x18,0x00,
0x18,0x00,0x18,0x00,0x18,0x00,0x18,0x00,0x18,0x00,0x19,0xE0,0x1A,0x38,0x1C,0x18,
0x1C,0x0C,0x18,0x0C,0x18,0x0C,0x18,0x0C,0x18,0x0C,0x18,0x0C,0x18,0x0C,0x18,0x0C,
0x18,0x08,0x1C,0x18,0x1C,0x30,0x13,0xE0,0x00,0x00,0x00,0x00,0x00,0x00,0x00,0x00,/*"b",66*/
/* (16 X 32 , 宋体 )*/

0x00,0x00,0x00,0x00,0x00,0x00,0x00,0x00,0x00,0x00,0x00,0x00,0x00,0x00,0x00,0x00,
0x00,0x00,0x00,0x00,0x00,0x00,0x00,0x00,0x00,0x00,0x03,0xE0,0x0E,0x10,0x0C,0x18,
0x18,0x18,0x30,0x18,0x30,0x00,0x30,0x00,0x30,0x00,0x30,0x00,0x30,0x00,0x30,0x04,
0x18,0x04,0x18,0x08,0x0C,0x10,0x03,0xE0,0x00,0x00,0x00,0x00,0x00,0x00,0x00,0x00,/*"c",67*/
/* (16 X 32 , 宋体 )*/

0x00,0x00,0x00,0x00,0x00,0x00,0x00,0x00,0x00,0x00,0x00,0x08,0x00,0x78,0x00,0x18,
0x00,0x18,0x00,0x18,0x00,0x18,0x00,0x18,0x00,0x18,0x07,0xD8,0x0C,0x38,0x18,0x18,
0x18,0x18,0x30,0x18,0x30,0x18,0x30,0x18,0x30,0x18,0x30,0x18,0x30,0x18,0x30,0x18,
0x10,0x18,0x18,0x38,0x0C,0x5E,0x07,0x90,0x00,0x00,0x00,0x00,0x00,0x00,0x00,0x00,/*"d",68*/
/* (16 X 32 , 宋体 )*/

0x00,0x00,0x00,0x00,0x00,0x00,0x00,0x00,0x00,0x00,0x00,0x00,0x00,0x00,0x00,0x00,
0x00,0x00,0x00,0x00,0x00,0x00,0x00,0x00,0x00,0x00,0x03,0xC0,0x0C,0x30,0x08,0x18,
0x18,0x08,0x30,0x0C,0x30,0x0C,0x30,0x0C,0x3F,0xFC,0x30,0x00,0x30,0x00,0x30,0x00,
0x18,0x04,0x18,0x08,0x0E,0x18,0x03,0xE0,0x00,0x00,0x00,0x00,0x00,0x00,0x00,0x00,/*"e",69*/
/* (16 X 32 , 宋体 )*/

0x00,0x00,0x00,0x00,0x00,0x00,0x00,0x00,0x00,0x00,0x00,0x00,0x00,0x7C,0x01,0x86,
0x01,0x06,0x03,0x06,0x03,0x00,0x03,0x00,0x03,0x00,0x3F,0xF8,0x03,0x00,0x03,0x00,
0x03,0x00,0x03,0x00,0x03,0x00,0x03,0x00,0x03,0x00,0x03,0x00,0x03,0x00,0x03,0x00,
0x03,0x00,0x03,0x00,0x03,0x00,0x1F,0xF0,0x00,0x00,0x00,0x00,0x00,0x00,0x00,0x00,/*"f",70*/
/* (16 X 32 , 宋体 )*/

0x00,0x00,0x00,0x00,0x00,0x00,0x00,0x00,0x00,0x00,0x00,0x00,0x00,0x00,0x00,0x00,
0x00,0x00,0x00,0x00,0x00,0x00,0x00,0x00,0x00,0x00,0x03,0xEE,0x0C,0x36,0x08,0x18,
0x18,0x18,0x18,0x18,0x18,0x18,0x08,0x18,0x0C,0x30,0x0F,0xE0,0x18,0x00,0x18,0x00,
0x1F,0xC0,0x0F,0xF8,0x18,0x1C,0x30,0x0C,0x30,0x0C,0x30,0x0C,0x18,0x18,0x07,0xE0,/*"g",71*/
/* (16 X 32 , 宋体 )*/

0x00,0x00,0x00,0x00,0x00,0x00,0x00,0x00,0x00,0x00,0x08,0x00,0x78,0x00,0x18,0x00,
0x18,0x00,0x18,0x00,0x18,0x00,0x18,0x00,0x18,0x00,0x19,0xE0,0x1A,0x30,0x1C,0x18,
0x18,0x18,0x18,0x18,0x18,0x18,0x18,0x18,0x18,0x18,0x18,0x18,0x18,0x18,0x18,0x18,
0x18,0x18,0x18,0x18,0x18,0x18,0x7E,0x7E,0x00,0x00,0x00,0x00,0x00,0x00,0x00,0x00,/*"h",72*/
/* (16 X 32 , 宋体 )*/

0x00,0x00,0x00,0x00,0x00,0x00,0x00,0x00,0x00,0x00,0x00,0x00,0x01,0x80,0x03,0xC0,
0x01,0x80,0x00,0x00,0x00,0x00,0x00,0x00,0x00,0x80,0x1F,0x80,0x01,0x80,0x01,0x80,
0x01,0x80,0x01,0x80,0x01,0x80,0x01,0x80,0x01,0x80,0x01,0x80,0x01,0x80,0x01,0x80,
0x01,0x80,0x01,0x80,0x01,0x80,0x1F,0xF8,0x00,0x00,0x00,0x00,0x00,0x00,0x00,0x00,/*"i",73*/
/* (16 X 32 , 宋体 )*/

0x00,0x00,0x00,0x00,0x00,0x00,0x00,0x00,0x00,0x00,0x00,0x00,0x00,0x38,0x00,0x78,
0x00,0x30,0x00,0x00,0x00,0x00,0x00,0x00,0x00,0x10,0x03,0xF0,0x00,0x30,0x00,0x30,
0x00,0x30,0x00,0x30,0x00,0x30,0x00,0x30,0x00,0x30,0x00,0x30,0x00,0x30,0x00,0x30,
0x00,0x30,0x00,0x30,0x00,0x30,0x00,0x30,0x00,0x30,0x18,0x60,0x18,0x40,0x0F,0x80,/*"j",74*/
/* (16 X 32 , 宋体 )*/

0x00,0x00,0x00,0x00,0x00,0x00,0x00,0x00,0x00,0x00,0x08,0x00,0x78,0x00,0x18,0x00,
0x18,0x00,0x18,0x00,0x18,0x00,0x18,0x00,0x18,0x00,0x18,0x7C,0x18,0x30,0x18,0x20,
0x18,0x40,0x18,0x80,0x19,0x80,0x1B,0x80,0x1E,0xC0,0x1C,0xC0,0x18,0x60,0x18,0x30,
0x18,0x30,0x18,0x18,0x18,0x1C,0x7E,0x3E,0x00,0x00,0x00,0x00,0x00,0x00,0x00,0x00,/*"k",75*/
/* (16 X 32 , 宋体 )*/

0x00,0x00,0x00,0x00,0x00,0x00,0x00,0x00,0x00,0x00,0x00,0x80,0x1F,0x80,0x01,0x80,
0x01,0x80,0x01,0x80,0x01,0x80,0x01,0x80,0x01,0x80,0x01,0x80,0x01,0x80,0x01,0x80,
0x01,0x80,0x01,0x80,0x01,0x80,0x01,0x80,0x01,0x80,0x01,0x80,0x01,0x80,0x01,0x80,
0x01,0x80,0x01,0x80,0x01,0x80,0x1F,0xF8,0x00,0x00,0x00,0x00,0x00,0x00,0x00,0x00,/*"l",76*/
/* (16 X 32 , 宋体 )*/

0x00,0x00,0x00,0x00,0x00,0x00,0x00,0x00,0x00,0x00,0x00,0x00,0x00,0x00,0x00,0x00,
0x00,0x00,0x00,0x00,0x00,0x00,0x00,0x00,0x20,0x00,0xEF,0x3C,0x71,0xC6,0x61,0x86,
0x61,0x86,0x61,0x86,0x61,0x86,0x61,0x86,0x61,0x86,0x61,0x86,0x61,0x86,0x61,0x86,
0x61,0x86,0x61,0x86,0x61,0x86,0xF3,0xCF,0x00,0x00,0x00,0x00,0x00,0x00,0x00,0x00,/*"m",77*/
/* (16 X 32 , 宋体 )*/

0x00,0x00,0x00,0x00,0x00,0x00,0x00,0x00,0x00,0x00,0x00,0x00,0x00,0x00,0x00,0x00,
0x00,0x00,0x00,0x00,0x00,0x00,0x00,0x00,0x00,0x00,0x09,0xE0,0x7A,0x30,0x1C,0x18,
0x18,0x18,0x18,0x18,0x18,0x18,0x18,0x18,0x18,0x18,0x18,0x18,0x18,0x18,0x18,0x18,
0x18,0x18,0x18,0x18,0x18,0x18,0x7E,0x7E,0x00,0x00,0x00,0x00,0x00,0x00,0x00,0x00,/*"n",78*/
/* (16 X 32 , 宋体 )*/

0x00,0x00,0x00,0x00,0x00,0x00,0x00,0x00,0x00,0x00,0x00,0x00,0x00,0x00,0x00,0x00,
0x00,0x00,0x00,0x00,0x00,0x00,0x00,0x00,0x00,0x00,0x03,0xC0,0x0C,0x30,0x08,0x18,
0x18,0x18,0x10,0x0C,0x30,0x0C,0x30,0x0C,0x30,0x0C,0x30,0x0C,0x30,0x0C,0x30,0x0C,
0x18,0x18,0x18,0x18,0x0C,0x30,0x03,0xC0,0x00,0x00,0x00,0x00,0x00,0x00,0x00,0x00,/*"o",79*/
/* (16 X 32 , 宋体 )*/

0x00,0x00,0x00,0x00,0x00,0x00,0x00,0x00,0x00,0x00,0x00,0x00,0x00,0x00,0x00,0x00,
0x00,0x00,0x00,0x00,0x00,0x00,0x00,0x00,0x00,0x00,0x09,0xE0,0x7A,0x30,0x1C,0x18,
0x18,0x08,0x18,0x0C,0x18,0x0C,0x18,0x0C,0x18,0x0C,0x18,0x0C,0x18,0x0C,0x18,0x0C,
0x18,0x18,0x1C,0x18,0x1E,0x30,0x19,0xE0,0x18,0x00,0x18,0x00,0x18,0x00,0x7E,0x00,/*"p",80*/
/* (16 X 32 , 宋体 )*/

0x00,0x00,0x00,0x00,0x00,0x00,0x00,0x00,0x00,0x00,0x00,0x00,0x00,0x00,0x00,0x00,
0x00,0x00,0x00,0x00,0x00,0x00,0x00,0x00,0x00,0x00,0x03,0xC8,0x0C,0x78,0x18,0x38,
0x18,0x18,0x30,0x18,0x30,0x18,0x30,0x18,0x30,0x18,0x30,0x18,0x30,0x18,0x30,0x18,
0x10,0x18,0x18,0x38,0x0C,0x78,0x07,0x98,0x00,0x18,0x00,0x18,0x00,0x18,0x00,0x7E,/*"q",81*/
/* (16 X 32 , 宋体 )*/

0x00,0x00,0x00,0x00,0x00,0x00,0x00,0x00,0x00,0x00,0x00,0x00,0x00,0x00,0x00,0x00,
0x00,0x00,0x00,0x00,0x00,0x00,0x00,0x00,0x00,0x00,0x06,0x1C,0x7E,0x66,0x06,0x86,
0x07,0x80,0x07,0x00,0x06,0x00,0x06,0x00,0x06,0x00,0x06,0x00,0x06,0x00,0x06,0x00,
0x06,0x00,0x06,0x00,0x06,0x00,0x7F,0xE0,0x00,0x00,0x00,0x00,0x00,0x00,0x00,0x00,/*"r",82*/
/* (16 X 32 , 宋体 )*/

0x00,0x00,0x00,0x00,0x00,0x00,0x00,0x00,0x00,0x00,0x00,0x00,0x00,0x00,0x00,0x00,
0x00,0x00,0x00,0x00,0x00,0x00,0x00,0x00,0x00,0x00,0x03,0xE4,0x06,0x1C,0x0C,0x0C,
0x0C,0x04,0x0C,0x04,0x0E,0x00,0x07,0xC0,0x01,0xF0,0x00,0x78,0x00,0x1C,0x10,0x0C,
0x10,0x0C,0x18,0x0C,0x1C,0x18,0x13,0xF0,0x00,0x00,0x00,0x00,0x00,0x00,0x00,0x00,/*"s",83*/
/* (16 X 32 , 宋体 )*/

0x00,0x00,0x00,0x00,0x00,0x00,0x00,0x00,0x00,0x00,0x00,0x00,0x00,0x00,0x00,0x00,
0x01,0x00,0x01,0x00,0x01,0x00,0x03,0x00,0x07,0x00,0x3F,0xF8,0x03,0x00,0x03,0x00,
0x03,0x00,0x03,0x00,0x03,0x00,0x03,0x00,0x03,0x00,0x03,0x00,0x03,0x00,0x03,0x00,
0x03,0x04,0x03,0x04,0x01,0x88,0x00,0xF0,0x00,0x00,0x00,0x00,0x00,0x00,0x00,0x00,/*"t",84*/
/* (16 X 32 , 宋体 )*/

0x00,0x00,0x00,0x00,0x00,0x00,0x00,0x00,0x00,0x00,0x00,0x00,0x00,0x00,0x00,0x00,
0x00,0x00,0x00,0x00,0x00,0x00,0x00,0x00,0x08,0x08,0x78,0x78,0x18,0x18,0x18,0x18,
0x18,0x18,0x18,0x18,0x18,0x18,0x18,0x18,0x18,0x18,0x18,0x18,0x18,0x18,0x18,0x18,
0x18,0x18,0x18,0x38,0x0C,0x5E,0x07,0x90,0x00,0x00,0x00,0x00,0x00,0x00,0x00,0x00,/*"u",85*/
/* (16 X 32 , 宋体 )*/

0x00,0x00,0x00,0x00,0x00,0x00,0x00,0x00,0x00,0x00,0x00,0x00,0x00,0x00,0x00,0x00,
0x00,0x00,0x00,0x00,0x00,0x00,0x00,0x00,0x00,0x00,0x7C,0x3E,0x18,0x0C,0x18,0x08,
0x18,0x18,0x0C,0x10,0x0C,0x10,0x04,0x20,0x06,0x20,0x06,0x20,0x03,0x40,0x03,0x40,
0x03,0xC0,0x01,0x80,0x01,0x80,0x01,0x00,0x00,0x00,0x00,0x00,0x00,0x00,0x00,0x00,/*"v",86*/
/* (16 X 32 , 宋体 )*/

0x00,0x00,0x00,0x00,0x00,0x00,0x00,0x00,0x00,0x00,0x00,0x00,0x00,0x00,0x00,0x00,
0x00,0x00,0x00,0x00,0x00,0x00,0x00,0x00,0x00,0x00,0xFB,0xCF,0x61,0x86,0x21,0x84,
0x31,0x84,0x31,0x84,0x31,0xC8,0x11,0xC8,0x1A,0xC8,0x1A,0x48,0x1A,0x70,0x0E,0x70,
0x0C,0x70,0x0C,0x30,0x0C,0x20,0x04,0x20,0x00,0x00,0x00,0x00,0x00,0x00,0x00,0x00,/*"w",87*/
/* (16 X 32 , 宋体 )*/

0x00,0x00,0x00,0x00,0x00,0x00,0x00,0x00,0x00,0x00,0x00,0x00,0x00,0x00,0x00,0x00,
0x00,0x00,0x00,0x00,0x00,0x00,0x00,0x00,0x00,0x00,0x3E,0x7C,0x0C,0x10,0x0E,0x10,
0x06,0x20,0x03,0x40,0x03,0x40,0x01,0x80,0x01,0x80,0x01,0xC0,0x02,0x60,0x04,0x60,
0x04,0x30,0x08,0x18,0x18,0x18,0x7C,0x7E,0x00,0x00,0x00,0x00,0x00,0x00,0x00,0x00,/*"x",88*/
/* (16 X 32 , 宋体 )*/

0x00,0x00,0x00,0x00,0x00,0x00,0x00,0x00,0x00,0x00,0x00,0x00,0x00,0x00,0x00,0x00,
0x00,0x00,0x00,0x00,0x00,0x00,0x00,0x00,0x00,0x00,0x7C,0x3E,0x18,0x18,0x18,0x10,
0x08,0x10,0x0C,0x10,0x04,0x20,0x06,0x20,0x06,0x20,0x02,0x40,0x03,0x40,0x01,0x40,
0x01,0x80,0x01,0x80,0x01,0x00,0x01,0x00,0x01,0x00,0x02,0x00,0x3E,0x00,0x3C,0x00,/*"y",89*/
/* (16 X 32 , 宋体 )*/

0x00,0x00,0x00,0x00,0x00,0x00,0x00,0x00,0x00,0x00,0x00,0x00,0x00,0x00,0x00,0x00,
0x00,0x00,0x00,0x00,0x00,0x00,0x00,0x00,0x00,0x00,0x3F,0xF8,0x30,0x38,0x30,0x30,
0x20,0x60,0x20,0xE0,0x00,0xC0,0x01,0x80,0x03,0x80,0x03,0x00,0x06,0x00,0x0E,0x04,
0x0C,0x04,0x18,0x0C,0x30,0x18,0x3F,0xF8,0x00,0x00,0x00,0x00,0x00,0x00,0x00,0x00,/*"z",90*/
/* (16 X 32 , 宋体 )*/

0x00,0x00,0x00,0x00,0x00,0x0C,0x00,0x10,0x00,0x20,0x00,0x20,0x00,0x20,0x00,0x20,
0x00,0x20,0x00,0x20,0x00,0x20,0x00,0x20,0x00,0x20,0x00,0x20,0x00,0x20,0x00,0xC0,
0x01,0x80,0x00,0x40,0x00,0x20,0x00,0x20,0x00,0x20,0x00,0x20,0x00,0x20,0x00,0x20,
0x00,0x20,0x00,0x20,0x00,0x20,0x00,0x20,0x00,0x20,0x00,0x10,0x00,0x0C,0x00,0x00,/*"{",91*/
/* (16 X 32 , 宋体 )*/

0x00,0x80,0x00,0x80,0x00,0x80,0x00,0x80,0x00,0x80,0x00,0x80,0x00,0x80,0x00,0x80,
0x00,0x80,0x00,0x80,0x00,0x80,0x00,0x80,0x00,0x80,0x00,0x80,0x00,0x80,0x00,0x80,
0x00,0x80,0x00,0x80,0x00,0x80,0x00,0x80,0x00,0x80,0x00,0x80,0x00,0x80,0x00,0x80,
0x00,0x80,0x00,0x80,0x00,0x80,0x00,0x80,0x00,0x80,0x00,0x80,0x00,0x80,0x00,0x80,/*"|",92*/
/* (16 X 32 , 宋体 )*/

0x00,0x00,0x00,0x00,0x18,0x00,0x04,0x00,0x02,0x00,0x02,0x00,0x02,0x00,0x02,0x00,
0x02,0x00,0x02,0x00,0x02,0x00,0x02,0x00,0x02,0x00,0x02,0x00,0x02,0x00,0x01,0x80,
0x00,0xC0,0x01,0x00,0x02,0x00,0x02,0x00,0x02,0x00,0x02,0x00,0x02,0x00,0x02,0x00,
0x02,0x00,0x02,0x00,0x02,0x00,0x02,0x00,0x02,0x00,0x04,0x00,0x18,0x00,0x00,0x00,/*"}",93*/
/* (16 X 32 , 宋体 )*/

0x00,0x00,0x1E,0x00,0x23,0x00,0x41,0x82,0x40,0x82,0x00,0xE4,0x00,0x38,0x00,0x00,
0x00,0x00,0x00,0x00,0x00,0x00,0x00,0x00,0x00,0x00,0x00,0x00,0x00,0x00,0x00,0x00,
0x00,0x00,0x00,0x00,0x00,0x00,0x00,0x00,0x00,0x00,0x00,0x00,0x00,0x00,0x00,0x00,
0x00,0x00,0x00,0x00,0x00,0x00,0x00,0x00,0x00,0x00,0x00,0x00,0x00,0x00,0x00,0x00,/*"~",94*/
/* (16 X 32 , 宋体 )*/



};

const struct Chinese front_data32X32_CH[]={
{
	.str="黑",
	.data_mode=(const uint8_t []){0x00,0x00,0x00,0x00,0x00,0x00,0x00,0x00,0x00,0x00,0x00,0x00,0x00,0x00,0x00,0x00,
0x00,0x00,0x00,0x00,0x00,0x00,0x00,0x00,0x01,0xFF,0xFF,0x80,0x01,0x81,0x81,0x80,
0x01,0x91,0x89,0x80,0x01,0x99,0x99,0x80,0x01,0x99,0x99,0x80,0x01,0x89,0xB1,0x80,
0x01,0xFF,0xFF,0x80,0x01,0xFF,0xFF,0x80,0x00,0x01,0x80,0x00,0x00,0x01,0x80,0x00,
0x03,0xFF,0xFF,0xC0,0x01,0xFF,0xFF,0x80,0x00,0x01,0x80,0x00,0x00,0x01,0x80,0x00,
0x0F,0xFF,0xFF,0xF0,0x00,0x00,0x00,0x00,0x01,0x00,0x00,0x80,0x03,0x8C,0x31,0xC0,
0x03,0x0C,0x70,0xE0,0x07,0x0C,0x30,0x70,0x06,0x04,0x18,0x20,0x00,0x00,0x00,0x00,
0x00,0x00,0x00,0x00,0x00,0x00,0x00,0x00,0x00,0x00,0x00,0x00,0x00,0x00,0x00,0x00,}/*"黑",0*/
/* (32 X 32 , Maple Mono NF CN )*/},

{
	.str="崎",
	.data_mode=(const uint8_t []){0x00,0x00,0x00,0x00,0x00,0x00,0x00,0x00,0x00,0x00,0x00,0x00,0x00,0x00,0x00,0x00,
0x00,0x00,0x00,0x00,0x00,0x80,0x0C,0x00,0x00,0xC0,0x0C,0x00,0x00,0xC3,0xFF,0xF0,
0x00,0xC1,0xFF,0xE0,0x0C,0xD8,0x1C,0x00,0x0C,0xD8,0x3F,0x00,0x0C,0xD8,0x71,0xC0,
0x0C,0xD9,0xE0,0xE0,0x0C,0xD8,0x00,0x00,0x0C,0xDB,0xFF,0xF0,0x0C,0xD8,0x00,0x60,
0x0C,0xD8,0x00,0x60,0x0C,0xD8,0xFC,0x60,0x0C,0xD9,0xFC,0x60,0x0C,0xD9,0x8C,0x60,
0x0C,0xD9,0x8C,0x60,0x0C,0xD9,0xFC,0x60,0x0F,0xF9,0xFC,0x60,0x07,0x99,0x80,0x60,
0x00,0x00,0x00,0x60,0x00,0x00,0x07,0xE0,0x00,0x00,0x07,0xC0,0x00,0x00,0x00,0x00,
0x00,0x00,0x00,0x00,0x00,0x00,0x00,0x00,0x00,0x00,0x00,0x00,0x00,0x00,0x00,0x00,}/*"崎",1*/
/* (32 X 32 , Maple Mono NF CN )*/},

{
	.str="一",
	.data_mode=(const uint8_t []){0x00,0x00,0x00,0x00,0x00,0x00,0x00,0x00,0x00,0x00,0x00,0x00,0x00,0x00,0x00,0x00,
0x00,0x00,0x00,0x00,0x00,0x00,0x00,0x00,0x00,0x00,0x00,0x00,0x00,0x00,0x00,0x00,
0x00,0x00,0x00,0x00,0x00,0x00,0x00,0x00,0x00,0x00,0x00,0x00,0x00,0x00,0x00,0x00,
0x00,0x00,0x00,0x00,0x00,0x00,0x00,0x00,0x00,0x00,0x00,0x00,0x0F,0xFF,0xFF,0xF0,
0x0F,0xFF,0xFF,0xF0,0x00,0x00,0x00,0x00,0x00,0x00,0x00,0x00,0x00,0x00,0x00,0x00,
0x00,0x00,0x00,0x00,0x00,0x00,0x00,0x00,0x00,0x00,0x00,0x00,0x00,0x00,0x00,0x00,
0x00,0x00,0x00,0x00,0x00,0x00,0x00,0x00,0x00,0x00,0x00,0x00,0x00,0x00,0x00,0x00,
0x00,0x00,0x00,0x00,0x00,0x00,0x00,0x00,0x00,0x00,0x00,0x00,0x00,0x00,0x00,0x00,}/*"一",2*/
/* (32 X 32 , Maple Mono NF CN )*/},

{
	.str="护",
	.data_mode=(const uint8_t []){0x00,0x00,0x00,0x00,0x00,0x00,0x00,0x00,0x00,0x00,0x00,0x00,0x00,0x00,0x00,0x00,
0x00,0x00,0x00,0x00,0x00,0xC0,0x18,0x00,0x00,0xC0,0x1C,0x00,0x00,0xC0,0x0C,0x00,
0x00,0xC0,0x06,0x00,0x00,0xC1,0xFF,0xE0,0x0F,0xF9,0xFF,0xE0,0x07,0xF1,0x80,0x60,
0x00,0xC1,0x80,0x60,0x00,0xC1,0x80,0x60,0x00,0xC1,0x80,0x60,0x00,0xD1,0xFF,0xE0,
0x00,0xFB,0xFF,0xE0,0x0F,0xE3,0x80,0x60,0x0F,0xC3,0x80,0x40,0x00,0xC3,0x00,0x00,
0x00,0xC3,0x00,0x00,0x00,0xC3,0x00,0x00,0x00,0xC7,0x00,0x00,0x00,0xC6,0x00,0x00,
0x00,0xCE,0x00,0x00,0x07,0xCC,0x00,0x00,0x07,0x80,0x00,0x00,0x00,0x00,0x00,0x00,
0x00,0x00,0x00,0x00,0x00,0x00,0x00,0x00,0x00,0x00,0x00,0x00,0x00,0x00,0x00,0x00,}/*"护",3*/
/* (32 X 32 , Maple Mono NF CN )*/},

{
	.str="天",
	.data_mode=(const uint8_t []){0x00,0x00,0x00,0x00,0x00,0x00,0x00,0x00,0x00,0x00,0x00,0x00,0x00,0x00,0x00,0x00,
0x00,0x00,0x00,0x00,0x00,0x00,0x00,0x00,0x00,0x00,0x00,0x00,0x07,0xFF,0xFF,0xE0,
0x03,0xFF,0xFF,0xC0,0x00,0x01,0x80,0x00,0x00,0x01,0x80,0x00,0x00,0x01,0x80,0x00,
0x00,0x01,0x80,0x00,0x00,0x01,0x80,0x00,0x07,0xFF,0xFF,0xF0,0x0F,0xFF,0xFF,0xE0,
0x00,0x03,0xC0,0x00,0x00,0x03,0xC0,0x00,0x00,0x07,0x60,0x00,0x00,0x0E,0x70,0x00,
0x00,0x0C,0x38,0x00,0x00,0x3C,0x1C,0x00,0x00,0x78,0x1E,0x00,0x00,0xF0,0x07,0x00,
0x03,0xC0,0x03,0xE0,0x0F,0x00,0x00,0xF0,0x04,0x00,0x00,0x20,0x00,0x00,0x00,0x00,
0x00,0x00,0x00,0x00,0x00,0x00,0x00,0x00,0x00,0x00,0x00,0x00,0x00,0x00,0x00,0x00,}/*"天",4*/
/* (32 X 32 , Maple Mono NF CN )*/},

{
	.str="气",
	.data_mode=(const uint8_t []){0x00,0x00,0x00,0x00,0x00,0x00,0x00,0x00,0x00,0x00,0x00,0x00,0x00,0x00,0x00,0x00,
0x00,0x00,0x00,0x00,0x00,0x60,0x00,0x00,0x00,0x60,0x00,0x00,0x00,0xFF,0xFF,0xE0,
0x00,0xFF,0xFF,0xE0,0x01,0xC0,0x00,0x00,0x03,0x80,0x00,0x00,0x03,0x7F,0xFF,0x80,
0x06,0x00,0x00,0x00,0x0E,0x00,0x00,0x00,0x01,0xFF,0xFE,0x00,0x01,0xFF,0xFE,0x00,
0x00,0x00,0x06,0x00,0x00,0x00,0x06,0x00,0x00,0x00,0x07,0x00,0x00,0x00,0x07,0x00,
0x00,0x00,0x03,0x00,0x00,0x00,0x03,0x00,0x00,0x00,0x03,0x00,0x00,0x00,0x03,0x90,
0x00,0x00,0x01,0x90,0x00,0x00,0x01,0xF0,0x00,0x00,0x00,0xE0,0x00,0x00,0x00,0x00,
0x00,0x00,0x00,0x00,0x00,0x00,0x00,0x00,0x00,0x00,0x00,0x00,0x00,0x00,0x00,0x00,}/*"气",5*/
/* (32 X 32 , Maple Mono NF CN )*/},

{
	.str="时",
	.data_mode=(const uint8_t []){0x00,0x00,0x00,0x00,0x00,0x00,0x00,0x00,0x00,0x00,0x00,0x00,0x00,0x00,0x00,0x00,
0x00,0x00,0x00,0x00,0x00,0x00,0x01,0x80,0x00,0x00,0x01,0x80,0x07,0xF8,0x01,0x80,
0x07,0xF8,0x01,0x80,0x06,0x18,0x01,0x80,0x06,0x1B,0xFF,0xF0,0x06,0x19,0xFF,0xE0,
0x06,0x18,0x01,0x80,0x06,0x18,0x01,0x80,0x07,0xF8,0xC1,0x80,0x06,0x18,0xE1,0x80,
0x06,0x18,0x61,0x80,0x06,0x18,0x31,0x80,0x06,0x18,0x39,0x80,0x06,0x18,0x11,0x80,
0x06,0x18,0x01,0x80,0x07,0xF8,0x01,0x80,0x07,0xF0,0x01,0x80,0x06,0x00,0x01,0x80,
0x00,0x00,0x01,0x80,0x00,0x00,0x3F,0x80,0x00,0x00,0x1E,0x00,0x00,0x00,0x00,0x00,
0x00,0x00,0x00,0x00,0x00,0x00,0x00,0x00,0x00,0x00,0x00,0x00,0x00,0x00,0x00,0x00,}/*"时",6*/
/* (32 X 32 , Maple Mono NF CN )*/},

{
	.str="钟",
	.data_mode=(const uint8_t []){0x00,0x00,0x00,0x00,0x00,0x00,0x00,0x00,0x00,0x00,0x00,0x00,0x00,0x00,0x00,0x00,
0x00,0x00,0x00,0x00,0x01,0x80,0x0C,0x00,0x01,0x80,0x0C,0x00,0x03,0xF8,0x0C,0x00,
0x07,0xFC,0x0C,0x00,0x06,0x00,0x0C,0x00,0x0E,0x01,0xFF,0xF0,0x0C,0x01,0xFF,0xF0,
0x03,0xF9,0x8C,0x30,0x03,0xF9,0x8C,0x30,0x00,0xC1,0x8C,0x30,0x00,0xC1,0x8C,0x30,
0x00,0xC1,0x8C,0x30,0x0F,0xFD,0xFF,0xF0,0x07,0xF9,0xFF,0xF0,0x00,0xC1,0x8C,0x30,
0x00,0xC1,0x0C,0x00,0x00,0xC0,0x0C,0x00,0x00,0xCC,0x0C,0x00,0x00,0xFC,0x0C,0x00,
0x01,0xF0,0x0C,0x00,0x01,0xC0,0x0C,0x00,0x00,0x00,0x0C,0x00,0x00,0x00,0x00,0x00,
0x00,0x00,0x00,0x00,0x00,0x00,0x00,0x00,0x00,0x00,0x00,0x00,0x00,0x00,0x00,0x00,}/*"钟",7*/
/* (32 X 32 , Maple Mono NF CN )*/}
};

